Codigo,Producto,Existencia,Precio venta,Precio mayoreo,Departamento,Actualizado
591,,2.0,95.0,0.0,LION TOOLS,2026-09-08 00:37:17
8860,,12.0,15.0,10.0,LION TOOLS,2026-09-08 00:37:17
1733,,0.0,40.0,0.0,LION TOOLS,2026-09-08 00:37:17
831,,1.0,20.0,16.0,ASGA,2026-09-08 00:37:17
7500938027306,7500938027306,0.0,25.0,20.0,PUEBLA,2026-09-08 00:37:17
3087,ABRAZADERA #16,18.0,10.0,0.0,LION TOOLS,2026-09-08 00:37:17
3088,ABRAZADERA #20,12.0,12.0,0.0,LION TOOLS,2026-09-08 00:37:17
3089,ABRAZADERA #24,28.0,15.0,0.0,LION TOOLS,2026-09-08 00:37:17
3090,ABRAZADERA #28,48.0,15.0,0.0,LION TOOLS,2026-09-08 00:37:17
3082,ABRAZADERA #4,0.0,7.0,0.0,LION TOOLS,2026-09-08 00:37:17
3083,ABRAZADERA #6,21.0,8.0,0.0,LION TOOLS,2026-09-08 00:37:17
3084,ABRAZADERA #8,0.0,10.0,0.0,LION TOOLS,2026-09-08 00:37:17
3081,ABRAZADERA MINI N 6,23.0,6.0,4.0,LION TOOLS,2026-09-08 00:37:17
3080,ABRAZADERA MINI NO.A,13.0,5.0,3.0,LION TOOLS,2026-09-08 00:37:17
3085,ABRAZADERA NO.10,13.0,10.0,0.0,LION TOOLS,2026-09-08 00:37:17
3086,ABRAZADERA NO.12,10.0,10.0,0.0,LION TOOLS,2026-09-08 00:37:17
2327,Abrazadera Tipo Omega 1,55.0,10.0,4.5,Herramientas (Eliminado 23/07/2024),2026-09-08 00:37:17
2329,ABRAZADERA TIPO OMEGA 1 1/2,29.0,15.0,0.0,Herramientas (Eliminado 23/07/2024),2026-09-08 00:37:17
2328,Abrazadera Tipo Omega 1 1/4,12.0,15.0,8.0,Herramientas (Eliminado 23/07/2024),2026-09-08 00:37:17
2325,Abrazadera Tipo Omega 1/2,44.0,6.0,3.0,Herramientas (Eliminado 23/07/2024),2026-09-08 00:37:17
2326,Abrazadera Tipo Omega 3/4,35.0,7.0,3.5,Herramientas (Eliminado 23/07/2024),2026-09-08 00:37:17
2331,ABRAZADERA TIPO UÑA,19.0,4.0,0.0,LION TOOLS,2026-09-08 00:37:17
2334,ABRAZADERA TIPO UÑA,10.0,7.0,0.0,LION TOOLS,2026-09-08 00:37:17
2336,ABRAZADERA TIPO UÑA,0.0,15.0,0.0,LION TOOLS,2026-09-08 00:37:17
2333,ABRAZADERA TIPO UÑA 1 PRECIOXPIEZA,0.0,8.0,0.0,LION TOOLS,2026-09-08 00:37:17
2335,ABRAZADERA TIPO UÑA 1-1/2 LA PIEZA,6.0,10.0,0.0,LION TOOLS,2026-09-08 00:37:17
2332,ABRAZADERA TIPO UÑA POR PIEZA,10.0,5.0,0.0,LION TOOLS,2026-09-08 00:37:17
2159,Abrelatas,0.0,60.0,0.0,hogar (Eliminado 23/07/2024),2026-09-08 00:37:17
7503026489000,Aceite 2 Tiempos Afosa,0.0,45.0,0.0,Herramientas (Eliminado 23/07/2024),2026-09-08 00:37:17
733704550211,Aceite 2 Tiempos STIHL,0.0,65.0,0.0,Herramientas (Eliminado 23/07/2024),2026-09-08 00:37:17
7501206685495,ACEITE 2T,0.0,135.0,0.0,FERREPAT,2026-09-08 00:37:17
79567520306,Aceite 3 En Uno Chico,2.0,35.0,0.0,FERREPAT,2026-09-08 00:37:17
79567520368,Aceite 3 En Uno Grande,0.0,70.0,0.0,LION TOOLS,2026-09-08 00:37:17
4914,Aceite Lubricante Multiusos,9.0,45.0,30.0,LION TOOLS,2026-09-08 00:37:17
7502309738750,Aceite Lubricante Para Barra Y Cadena De Motosierra 1L,1.0,220.0,200.0,Herramientas (Eliminado 23/07/2024),2026-09-08 00:37:17
7501206685501,ACEITE PARA MOTOR DE 2 TIEMPOS 100MLL,1.0,50.0,45.0,TRUPER,2026-09-08 00:37:17
7506240635161,ACEITE PARA MOTOR DE 2 TIEMPOS 600ML,0.0,35.0,0.0,FERREPAT,2026-09-08 00:37:17
7506240647089,ACEITE PARA MOTORES A GASOLINA 400ML,0.0,110.0,90.0,Herramientas (Eliminado 23/07/2024),2026-09-08 00:37:17
7500462326203,ACEITE ROJO 80ML FANTMOR,27.0,30.0,18.0,HUAJUAPAN,2026-09-09 18:02:44
2417,ADAPTADOR,6.0,10.0,0.0,hogar (Eliminado 23/07/2024),2026-09-08 00:37:17
46255,ADAPTADOR A TIERRA VOLTECK(BLANCO),0.0,20.0,15.0,hojar (Eliminado 23/07/2024),2026-09-08 00:37:17
185,Adaptador De 3 A 2,16.0,15.0,0.0,casa,2026-09-08 00:37:17
8166,ADAPTADOR HULE CHUPON,6.0,20.0,0.0,ASGA,2026-09-08 00:37:17
8167,ADAPTADOR HULE CHUPON,6.0,15.0,0.0,ASGA,2026-09-08 00:37:17
7506240645023,Adaptador Macho De Pvc 3/4,10.0,15.0,9.0,FERREPAT,2026-09-08 00:37:17
45429,Adaptador Macho De Pvc De 13mm,20.0,12.0,8.0,hogar (Eliminado 23/07/2024),2026-09-08 00:37:17
8168,ADAPTADORHULECHUPON,6.0,15.0,0.0,LION TOOLS,2026-09-08 00:37:17
7501600551020,ADHESIVO 5MIN,0.0,150.0,0.0,Herramientas (Eliminado 23/07/2024),2026-09-08 00:37:17
7501127002159,Aerosol Aluminio Metalico,0.0,80.0,0.0,Herramientas (Eliminado 23/07/2024),2026-09-08 00:37:17
7506069046063,Aerosol Cafe,0.0,80.0,0.0,Herramientas (Eliminado 23/07/2024),2026-09-08 00:37:17
7506069047275,Aerosol Morado,1.0,80.0,0.0,Herramientas (Eliminado 23/07/2024),2026-09-08 00:37:17
7501127003637,Aerosol Negro Brillante,0.0,80.0,0.0,Herramientas (Eliminado 23/07/2024),2026-09-08 00:37:17
7506240630616,Aerosol Rojo,0.0,90.0,80.0,Herramientas (Eliminado 23/07/2024),2026-09-08 00:37:17
7501127003675,Aerosol Rojo,0.0,80.0,0.0,Herramientas (Eliminado 23/07/2024),2026-09-08 00:37:17
7506069046018,Aerosol Transparente Cristal,0.0,70.0,0.0,Herramientas (Eliminado 23/07/2024),2026-09-08 00:37:17
7506274200373,Aerosol Verde Bosque,0.0,80.0,0.0,Herramientas (Eliminado 23/07/2024),2026-09-08 00:37:17
7501127002074,Aerosol Verde Hoja Brillante,0.0,80.0,0.0,Herramientas (Eliminado 23/07/2024),2026-09-08 00:37:17
8342,AFILADOR DE CUCHILLO,0.0,220.0,0.0,LION TOOLS,2026-09-08 00:37:17
8340,AFILADOR DE CUCHILLOS Y NAVAJA,0.0,80.0,0.0,LION TOOLS,2026-09-08 00:37:17
313,AHUJA,30.0,13.0,8.0,hogar (Eliminado 23/07/2024),2026-09-08 00:37:17
314,AHUJA,30.0,14.0,9.0,PUEBLA,2026-09-08 00:37:17
315,AHUJA,30.0,15.0,10.0,hogar (Eliminado 23/07/2024),2026-09-08 00:37:17
316,AHUJA,30.0,15.0,10.0,hogar (Eliminado 23/07/2024),2026-09-08 00:37:17
317,AHUJA CAPOTERA,180.0,10.0,0.0,hogar (Eliminado 23/07/2024),2026-09-08 00:37:17
318,AHUJA PARA COSER,21.0,4.0,0.0,hogar (Eliminado 23/07/2024),2026-09-08 00:37:17
4000,AIRE REMOVEDOR DE POLVO,0.0,85.0,0.0,LION TOOLS,2026-09-08 00:37:17
255,ALAMBRE GUIA ACERADA 10 MTS,1.0,45.0,0.0,Herramientas (Eliminado 23/07/2024),2026-09-08 00:37:17
254,ALAMBRE GUIA ACERADA 20MTS,0.0,55.0,0.0,Herramientas (Eliminado 23/07/2024),2026-09-08 00:37:17
253,ALAMBRE GUIA PARA ELECTRICISTA 15MTS,2.0,45.0,0.0,Herramientas (Eliminado 23/07/2024),2026-09-08 00:37:17
241,ALCAYATA DE VARILLA CHICO,3.0,80.0,0.0,Herramientas (Eliminado 23/07/2024),2026-09-08 00:37:17
240,ALCAYATA DE VARILLA GRANDE,1.0,120.0,0.0,Herramientas (Eliminado 23/07/2024),2026-09-08 00:37:17
17501228829621,ALFILER DE SEGURIDAD,124.0,1.0,0.0,hogar (Eliminado 23/07/2024),2026-09-08 00:37:17
17501228806462,ALFILER DE SEGURIDAD DORADO,288.0,1.0,0.0,hogar (Eliminado 23/07/2024),2026-09-08 00:37:17
17501228847243,ALFILER DE SEGURIDAD NIQUELADO,86.0,1.5,0.0,hogar (Eliminado 23/07/2024),2026-09-08 00:37:17
6906546921028,ALICATA,9.0,45.0,30.0,hogar (Eliminado 23/07/2024),2026-09-08 00:37:17
810026280054,ALKALINE BATTERY,0.0,20.0,0.0,hogar (Eliminado 23/07/2024),2026-09-08 00:37:17
6927799689190,ALKALINE BATTERY 23A,6.0,25.0,0.0,hogar (Eliminado 23/07/2024),2026-09-08 00:37:17
6927799689206,ALKALINE BATTERY 27A,5.0,25.0,0.0,hogar (Eliminado 23/07/2024),2026-09-08 00:37:17
4891199011504,ALKALINE BATTERY 27A,5.0,25.0,0.0,hogar (Eliminado 23/07/2024),2026-09-08 00:37:17
6927799681149,ALKALINE BATTERY AG0,44.0,20.0,0.0,hogar (Eliminado 23/07/2024),2026-09-08 00:37:17
6927799681019,ALKALINE BATTERY AG1,16.0,20.0,0.0,hogar (Eliminado 23/07/2024),2026-09-08 00:37:17
6927799681118,ALKALINE BATTERY AG11,6.0,20.0,0.0,hogar (Eliminado 23/07/2024),2026-09-08 00:37:17
6927799681026,ALKALINE BATTERY AG2,54.0,20.0,0.0,hogar (Eliminado 23/07/2024),2026-09-08 00:37:17
6927799681033,ALKALINE BATTERY AG3,39.0,20.0,0.0,hogar (Eliminado 23/07/2024),2026-09-14 23:35:25
6927799681040,ALKALINE BATTERY AG4,59.0,20.0,0.0,hogar (Eliminado 23/07/2024),2026-09-08 00:37:17
6927799681057,ALKALINE BATTERY AG5,6.0,20.0,0.0,hogar (Eliminado 23/07/2024),2026-09-08 00:37:17
6927799681064,ALKALINE BATTERY AG6,29.0,30.0,20.0,hogar (Eliminado 23/07/2024),2026-09-08 00:37:17
6927799681071,ALKALINE BATTERY AG7,16.0,30.0,20.0,hogar (Eliminado 23/07/2024),2026-09-08 00:37:17
6927799681088,ALKALINE BATTERY AG8,46.0,30.0,20.0,hogar (Eliminado 23/07/2024),2026-09-08 00:37:17
6927799681095,ALKALINE BATTERY AG9,6.0,20.0,0.0,hogar (Eliminado 23/07/2024),2026-09-08 00:37:17
810026280795,ALKALINE BATTERY CR1632,4.0,30.0,0.0,hogar (Eliminado 23/07/2024),2026-09-08 00:37:17
6927799682313,ALKALINE BATTERY CR1632 TIANQIU,8.0,30.0,0.0,hogar (Eliminado 23/07/2024),2026-09-08 00:37:17
6927799682160,ALKALINE BATTERY CR2032,0.0,35.0,0.0,MEXICO,2026-09-08 00:37:17
810026280030,ALKALINE BATTERY LR1120,3.0,20.0,0.0,hogar (Eliminado 23/07/2024),2026-09-08 00:37:17
810026280078,ALKALINE BATTERY LR43,0.0,20.0,0.0,hogar (Eliminado 23/07/2024),2026-09-08 00:37:17
6927799681125,ALKALINE BATTERY LR43H AG12,109.0,20.0,0.0,hogar (Eliminado 23/07/2024),2026-09-11 17:46:16
6927799681132,ALKALINE BATTERY LR44H AG13,15.0,20.0,15.0,MEXICO,2026-09-08 00:37:17
7501206684900,Amarillo Canario,0.0,95.0,0.0,FERREPAT,2026-09-08 00:37:17
3056,AMARRADOR,1.0,95.0,0.0,Herramientas (Eliminado 23/07/2024),2026-09-08 00:37:17
193,AMARRADOR AZUL,1.0,100.0,0.0,Herramientas (Eliminado 23/07/2024),2026-09-08 00:37:17
194,AMARRADOR AZUL LARGO,0.0,110.0,0.0,Herramientas (Eliminado 23/07/2024),2026-09-08 00:37:17
189,AMARRADOR VARILLA,4.0,120.0,0.0,Herramientas (Eliminado 23/07/2024),2026-09-08 00:37:17
7506240658504,AMBUDO CLASICO 2.5,0.0,20.0,0.0,hogar (Eliminado 23/07/2024),2026-09-08 00:37:17
ANAFRE3,ANAFRE,0.0,380.0,350.0,PUEBLA,2026-09-08 00:37:17
ANAFRE1,ANAFRE CHICO,1.0,200.0,180.0,PUEBLA,2026-09-08 00:37:17
ANAFRE5,ANAFRE CON PATAS,1.0,380.0,0.0,PUEBLA,2026-09-08 00:37:17
ANAFRE6,ANAFRE CON PATAS,0.0,450.0,0.0,PUEBLA,2026-09-08 00:37:17
ANAFRE DE GAS,ANAFRE DE GAS,1.0,950.0,0.0,PUEBLA,2026-09-08 00:37:17
ANAFRE4,ANAFRE GRANDE,1.0,550.0,500.0,PUEBLA,2026-09-08 00:37:17
ANAFRE2,ANAFRE MEDIANO,0.0,250.0,200.0,PUEBLA,2026-09-08 00:37:17
1083,ANTENA 14 ELEMENTOS,1.0,200.0,180.0,LION TOOLS,2026-09-08 00:37:17
1082,ANTENA 8 ELEMENTOS,2.0,160.0,0.0,LION TOOLS,2026-09-08 00:37:17
6812,ANTENA AEREA 6 ELEMENTOS,0.0,120.0,0.0,LION TOOLS,2026-09-08 00:37:17
6822,ANTENA AEREA CON ROTOR,1.0,350.0,350.0,LION TOOLS,2026-09-08 00:37:17
6831,ANTENA AEREA DE HDTV 14ELEMENTEOS,0.0,200.0,130.0,LION TOOLS,2026-09-08 00:37:17
6832,ANTENA AEREA HDTV 8ELEMENTOS,1.0,140.0,0.0,LION TOOLS,2026-09-08 00:37:17
6810,ANTENA AEREA REDONDA,0.0,150.0,0.0,LION TOOLS,2026-09-08 00:37:17
6829,ANTENA DE CONEJO BASE COAXIAL,15.0,35.0,30.0,LION TOOLS,2026-09-08 00:37:17
8694461700016,ANTENA DE CONEJO SIN BASE,1.0,35.0,0.0,Herramientas (Eliminado 23/07/2024),2026-09-08 00:37:17
7501206695913,ANTENA DE TECHO GIRATORIA,0.0,500.0,450.0,TRUPER,2026-09-08 00:37:17
6826,ANTENA PARA INTERIOR PLANA,0.0,210.0,0.0,hogar (Eliminado 23/07/2024),2026-09-08 00:37:17
6811,ANTENA PARA INTERIOR PLANA,0.0,100.0,0.0,LION TOOLS,2026-09-08 00:37:17
ANTENA DE T/TUBO,Antena T O De Tubo Colores,0.0,85.0,60.0,MEXICO,2026-09-08 00:37:17
4895174133717,ANTENA UHF AEREA ROJA LINK BITS,0.0,220.0,0.0,MEXICO,2026-09-08 00:37:17
7506183802187,Apagador,4.0,20.0,0.0,MEXICO,2026-09-08 00:37:17
7506274203862,Apagador De Palanca Yeilite,8.0,40.0,0.0,FERREPAT,2026-09-08 00:37:17
7501942344472,Apagador Doble Sencillo Italia,0.0,65.0,0.0,FERREPAT,2026-09-08 00:37:17
KLEIMAN,Apagador Sencillo,16.0,15.0,0.0,casa,2026-09-08 00:37:17
7501942344410,APAGADOR SENCILLO CON PLACA,3.0,40.0,30.0,FERREPAT,2026-09-08 00:37:17
7506006805388,APAGADOR TOSCANA,3.0,20.0,0.0,hogar (Eliminado 23/07/2024),2026-09-08 00:37:17
7501942344489,APAGADOR TRIPLE CON PLACA,2.0,70.0,0.0,FERREPAT,2026-09-08 00:37:17
7501942344496,APAGADOR Y CONTACTO ATERRIZADO,0.0,65.0,0.0,FERREPAT,2026-09-08 00:37:17
7501942344441,Apagador Y Contacto Aterrizado Cplaca Romana,0.0,60.0,0.0,FERREPAT,2026-09-08 00:37:17
7501942344540,Apagador Y Contacto Aterrizado Vicenza,0.0,85.0,0.0,ASGA,2026-09-08 00:37:17
7501942345233,APAGADOR Y DOS CONTACTOS,0.0,80.0,0.0,Herramientas (Eliminado 23/07/2024),2026-09-08 00:37:17
2732,ARBOTANTE SOLAR 100 LED SMD,1.0,180.0,150.0,LION TOOLS,2026-09-08 00:37:17
2870,ARBOTANTE SOLAR 2W,0.0,140.0,110.0,lampara (Eliminado 23/07/2024),2026-09-08 00:37:17
2735,ARBOTANTE SOLAR 2W 128 LED,4.0,200.0,160.0,LION TOOLS,2026-09-08 00:37:17
2871,Arbotante Solar 340 Lumenes 4w,0.0,220.0,180.0,FOCO. (Eliminado 23/07/2024),2026-09-08 00:37:17
2734,Arbotante Solar 74 Led Smd,0.0,420.0,350.0,lampara (Eliminado 23/07/2024),2026-09-08 00:37:17
2340,ARCO MINI PARA SEGUETA,0.0,70.0,0.0,LION TOOLS,2026-09-08 00:37:17
2341,ARCO PARA CALAR,2.0,70.0,0.0,Herramientas (Eliminado 23/07/2024),2026-09-08 00:37:17
2482,ARCO PARA SEGUETA 12,1.0,160.0,0.0,LION TOOLS,2026-09-08 00:37:17
7501206640517,ARCO TUBULAR CON SEGUETA 12,1.0,280.0,0.0,Herramientas (Eliminado 23/07/2024),2026-09-08 00:37:17
2022,ARMELLA ABIERTA 18X50,188.0,2.0,0.0,Herramientas (Eliminado 23/07/2024),2026-09-08 00:37:17
2024,ARMELLA ABIERTA 20X70,182.0,4.0,0.0,FERREPAT,2026-09-08 00:37:17
2026,ARMELLA ABIERTA 22X90,200.0,6.0,0.0,Herramientas (Eliminado 23/07/2024),2026-09-08 00:37:17
2028,ARMELLA ABIERTA 23X110,22.0,8.0,0.0,Herramientas (Eliminado 23/07/2024),2026-09-08 00:37:17
2030,ARMELLA ABIERTA 25X150,91.0,10.0,0.0,Herramientas (Eliminado 23/07/2024),2026-09-08 00:37:17
2034,ARMELLA CERRADA 18X50,125.0,2.0,0.0,LION TOOLS,2026-09-08 00:37:17
ASADOR,ASADOR,2.0,680.0,0.0,PUEBLA,2026-09-08 00:37:17
7506563901912,Asga Cadena Para Perro 2mm,0.0,25.0,0.0,ASGA,2026-09-08 00:37:17
309,Aspa Con Portavaso Taurus Negro,0.0,75.0,0.0,licuadora (Eliminado 23/07/2024),2026-09-08 00:37:17
34264427327,Aspa De 6,7.0,220.0,0.0,MEXICO,2026-09-08 00:37:17
350,Aspa Man/Hamilton,15.0,95.0,0.0,hogar (Eliminado 23/07/2024),2026-09-08 00:37:17
349,Aspa Oster,7.0,50.0,0.0,MEXICO,2026-09-08 00:37:17
7503021498175,Aspa Oster Economica ECO-LINE,1.0,40.0,0.0,licuadora (Eliminado 23/07/2024),2026-09-08 00:37:17
34264487949,ASPA OSTER ORIGINAL,10.0,120.0,0.0,MEXICO,2026-09-16 16:45:36
308,"Aspa Para Hamilton, American",5.0,85.0,0.0,ASGA,2026-09-08 00:37:17
7503017992083,ASPAS MAN ORIGINAL,1.0,100.0,0.0,hogar (Eliminado 23/07/2024),2026-09-08 00:37:17
7502239096708,ASPERSOR DE PLASTICO,1.0,75.0,50.0,hogar (Eliminado 23/07/2024),2026-09-08 00:37:17
7500464662637,ATOMIZADOR 1L ESTANDAR,0.0,25.0,0.0,Herramientas (Eliminado 23/07/2024),2026-09-08 00:37:17
7500464662613,ATOMIZADOR 1L SEMINATURAL,0.0,30.0,0.0,Herramientas (Eliminado 23/07/2024),2026-09-15 22:38:02
7500464662651,ATOMIZADOR 1L USO RUDO,0.0,35.0,0.0,Herramientas (Eliminado 23/07/2024),2026-09-08 00:37:17
ATOMIZADORCUARTO,ATOMIZADOR DE CUARTO,3.0,15.0,0.0,PUEBLA,2026-09-08 00:37:17
ATOMIZADORLITRO,ATOMIZADOR DE LITRO,3.0,35.0,0.0,PUEBLA,2026-09-08 00:37:17
ATOMIZADORMEDIO,ATOMIZADOR DE MEDIO,1.0,20.0,0.0,PUEBLA,2026-09-15 21:37:23
ATOMINI,ATOMIZADOR MINI,11.0,10.0,0.0,ASGA,2026-09-15 01:38:52
7506325102731,ATRAPA TODO/LAVABO,1.0,55.0,0.0,LION TOOLS,2026-09-08 00:37:17
6902130656055,AUDIFONOS CON CABLE,1.0,120.0,0.0,hogar (Eliminado 23/07/2024),2026-09-08 00:37:17
119,AUDIFONOS DE MARCA,0.0,80.0,0.0,hogar (Eliminado 23/07/2024),2026-09-08 00:37:17
6932445202692,AUDIFONOS EARPHONE,0.0,90.0,0.0,hogar (Eliminado 23/07/2024),2026-09-08 00:37:17
6935482287691,AUDIFONOS EARPHONE SAMSUNG,1.0,80.0,0.0,hogar (Eliminado 23/07/2024),2026-09-08 00:37:17
300045846954,AUDIFONOS FX,0.0,40.0,30.0,hogar (Eliminado 23/07/2024),2026-09-08 00:37:17
98859096274617,AUDIFONOS HEADPHONES,1.0,140.0,0.0,hogar (Eliminado 23/07/2024),2026-09-08 00:37:17
6932445202555,AUDIFONOS HEADSOT,0.0,90.0,0.0,hogar (Eliminado 23/07/2024),2026-09-08 00:37:17
7500907000408,AUDIFONOS INALAMBRICOS AZUL,0.0,260.0,0.0,hogar (Eliminado 23/07/2024),2026-09-08 00:37:17
7500907000712,AUDIFONOS INALAMBRICOS BLANCO,0.0,260.0,0.0,hogar (Eliminado 23/07/2024),2026-09-08 00:37:17
7503032542782,AUDIFONOS INALAMBRICOS BLANCO AUT114,0.0,260.0,0.0,hogar (Eliminado 23/07/2024),2026-09-08 00:37:17
6974368773415,AUDIFONOS INALAMBRICOS BLANCOS 1HORA,0.0,260.0,0.0,MEXICO,2026-09-08 00:37:17
7500907000422,AUDIFONOS INALAMBRICOS MORADO,0.0,200.0,170.0,MEXICO,2026-09-08 00:37:17
7503035048403,AUDIFONOS INALAMBRICOS NEGRO,0.0,200.0,170.0,MEXICO,2026-09-08 00:37:17
7500907000705,AUDIFONOS INALAMBRICOS NEGRO,0.0,260.0,0.0,hogar (Eliminado 23/07/2024),2026-09-08 00:37:17
7500907000095,AUDIFONOS INALAMBRICOS NEGRO 1HORA,0.0,260.0,0.0,MEXICO,2026-09-08 00:37:17
7503030523288,AUDIFONOS INALAMBRICOS NEGRO AUT114,1.0,260.0,0.0,hogar (Eliminado 23/07/2024),2026-09-08 00:37:17
7500907000392,AUDIFONOS INALAMBRICOS ROJO,0.0,260.0,0.0,hogar (Eliminado 23/07/2024),2026-09-08 00:37:17
7503035048434,AUDIFONOS INALAMBRICOS ROSA,0.0,260.0,0.0,hogar (Eliminado 23/07/2024),2026-09-08 00:37:17
3303201707165,AUDIFONOS MOTOROLA,0.0,80.0,0.0,hogar (Eliminado 23/07/2024),2026-09-08 00:37:17
300125632644,AUDIFONOS RIDGEWAY,0.0,40.0,0.0,hogar (Eliminado 23/07/2024),2026-09-08 00:37:17
300184756541,Audifonos Sencillos,1.0,25.0,0.0,MEXICO,2026-09-08 00:37:17
689983673359,AUDIFONOS SHOCK,1.0,200.0,0.0,hogar (Eliminado 23/07/2024),2026-09-08 00:37:17
190,Audifonos Sony,2.0,75.0,0.0,hogar (Eliminado 23/07/2024),2026-09-08 00:37:17
7501206613290,AZADON TRUPER,0.0,380.0,0.0,Herramientas (Eliminado 23/07/2024),2026-09-08 00:37:17
AZADOR700,AZADOR,0.0,700.0,0.0,PUEBLA,2026-09-08 00:37:17
AZADOR,Azador Largo,2.0,550.0,500.0,PUEBLA,2026-09-08 00:37:17
7501206685051,Azul Holandes,0.0,95.0,0.0,FERREPAT,2026-09-08 00:37:17
7503027594970,Balanza Electronica Domestica,0.0,130.0,0.0,vinson,2026-09-08 00:37:17
4063,BALERO CEJA CARRETILLA,6.0,10.0,6.0,casa,2026-09-08 00:37:17
8222,BANDOLA #3 7/16,22.0,10.0,0.0,LION TOOLS,2026-09-08 00:37:17
8225,BANDOLA #4 1/4 3/4,8.0,25.0,0.0,LION TOOLS,2026-09-08 00:37:17
82224,BANDOLA #4 7/8,0.0,20.0,0.0,LION TOOLS,2026-09-08 00:37:17
8224,BANDOLA #4 7/8,13.0,20.0,0.0,LION TOOLS,2026-09-08 00:37:17
8223,BANDOLA 3 1/2 5/8,25.0,15.0,0.0,LION TOOLS,2026-09-08 00:37:17
8221,BANDOLA 7/16,30.0,7.0,0.0,LION TOOLS,2026-09-08 00:37:17
8205,BANDOLA CON SEGURO,31.0,10.0,8.0,ASGA,2026-09-16 01:46:31
8206,BANDOLA CON SEGURO CM,24.0,15.0,10.0,ASGA,2026-09-08 00:37:17
818,BANDOLA CON SEGURO GG,4.0,35.0,33.0,ASGA,2026-09-08 00:37:17
8209,BANDOLA CON SEGURO GM,13.0,30.0,28.0,ASGA,2026-09-08 00:37:17
8207,BANDOLA CON SEGURO MC,19.0,20.0,18.0,ASGA,2026-09-08 00:37:17
8208,BANDOLA CON SEGURO MG,11.0,25.0,22.0,ASGA,2026-09-08 00:37:17
8216,Bandola Mosqueton,47.0,10.0,7.5,Herramientas (Eliminado 23/07/2024),2026-09-08 00:37:17
8217,Bandola Mosqueton,37.0,20.0,12.5,Herramientas (Eliminado 23/07/2024),2026-09-08 00:37:17
8218,Bandola Mosqueton,6.0,30.0,15.0,LION TOOLS,2026-09-08 00:37:17
8219,Bandola Mosqueton,37.0,40.0,25.0,Herramientas (Eliminado 23/07/2024),2026-09-08 00:37:17
864,BARAJA ESPAÑOLA,11.0,25.0,20.0,LION TOOLS,2026-09-08 00:37:17
865,BARAJA ESPAÑOLA DE PLASTICO,6.0,45.0,30.0,LION TOOLS,2026-09-08 00:37:17
7506198119454,Barra 2U Aksi 15w,0.0,50.0,0.0,foco (Eliminado 23/07/2024),2026-09-08 00:37:17
7506198119539,Barra 4U Aksi 28w,2.0,85.0,0.0,foco (Eliminado 23/07/2024),2026-09-08 00:37:17
2102,Barra Led 18W,12.0,40.0,30.0,hogar (Eliminado 23/07/2024),2026-09-08 00:37:17
2114,BARRA MAGNETICA,0.0,220.0,0.0,LION TOOLS,2026-09-08 00:37:17
7501206645420,BARRAS DE SILICON,1.0,41.0,0.0,hogar (Eliminado 23/07/2024),2026-09-08 00:37:17
238,BARRETA AZUL,0.0,395.0,0.0,Herramientas (Eliminado 23/07/2024),2026-09-08 00:37:17
239,BARRETA DE UÑA AZUL,1.0,240.0,0.0,Herramientas (Eliminado 23/07/2024),2026-09-08 00:37:17
7501206631676,BARRETA DE UÑA TRUPER,1.0,290.0,0.0,Herramientas (Eliminado 23/07/2024),2026-09-08 00:37:17
6918882638140,BASCULA 10K,0.0,150.0,0.0,HUAJUAPAN,2026-09-08 00:37:17
601573,BASCULA 5KG P/COCINA,0.0,120.0,90.0,FERREPAT,2026-09-08 00:37:17
7501942359278,Bascula Digital,1.0,150.0,0.0,ASGA,2026-09-08 00:37:17
91,BASCULA DIGITAL PARA BAÑO,1.0,210.0,0.0,LION TOOLS,2026-09-08 00:37:17
7506240665403,Bascula Electronica 40kg,3.0,1200.0,1000.0,Herramientas (Eliminado 23/07/2024),2026-09-08 00:37:17
791279007202,BASE MEDIDOR,0.0,220.0,0.0,hogar (Eliminado 23/07/2024),2026-09-08 00:37:17
7506086610513,BATERIA ALCALINA MITZU 27A,1.0,25.0,0.0,hogar (Eliminado 23/07/2024),2026-09-08 00:37:17
7506086646970,BATERIA ALCALINA TIPO BOTON,10.0,25.0,25.0,hogar (Eliminado 23/07/2024),2026-09-08 00:37:17
7506086600705,BATERIA DE LITIO MITZU,4.0,35.0,0.0,hogar (Eliminado 23/07/2024),2026-09-08 00:37:17
7506086643092,BATERIA DE LITIO RECARGABLE MITZU,2.0,85.0,85.0,hogar (Eliminado 23/07/2024),2026-09-08 00:37:17
6918882657226,BATERIA PORTATIL,4.0,100.0,0.0,bvh,2026-09-08 00:37:17
7503031700367,BATERIA PORTATIL 1HORA,0.0,280.0,0.0,hogar (Eliminado 23/07/2024),2026-09-08 00:37:17
7502228943259,Bausse Cotonete,5.0,20.0,15.0,MEXICO,2026-09-08 00:37:17
BICOLOR,Bicolor Jafepa,0.0,10.0,5.0,HUAJUAPAN,2026-09-08 00:37:17
98859096274358,BICYCLE PHONE,0.0,120.0,100.0,hogar (Eliminado 23/07/2024),2026-09-08 00:37:17
1952,BISAGRA,0.0,30.0,0.0,LION TOOLS,2026-09-08 00:37:17
1949,BISAGRA CUADRADA,0.0,20.0,0.0,LION TOOLS,2026-09-08 00:37:17
1951,BISAGRA CUADRADA,1.0,30.0,0.0,LION TOOLS,2026-09-08 00:37:17
1944,Bisagra Cuadrada,1.0,18.0,0.0,Herramientas (Eliminado 23/07/2024),2026-09-08 00:37:17
1943,Bisagra Cuadrada,0.0,15.0,0.0,Herramientas (Eliminado 23/07/2024),2026-09-08 00:37:17
1950,Bisagra Cuadrada C/U,1.0,25.0,0.0,Herramientas (Eliminado 23/07/2024),2026-09-08 00:37:17
1948,BISAGRA CUADRADA X PIEZA,1.0,15.0,0.0,LION TOOLS,2026-09-08 00:37:17
7501206668870,Bisagra Rectangular De 2 1/2 X 1 5/8,13.0,20.0,0.0,Herramientas (Eliminado 23/07/2024),2026-09-08 00:37:17
7501206668863,Bisagra Rectangular De 2 X 1 1/2,19.0,15.0,0.0,Herramientas (Eliminado 23/07/2024),2026-09-08 00:37:17
7501206668856,Bisagra Rectangular3 De 1 1/2 X 1 3/16 Hermex,18.0,12.0,0.0,Herramientas (Eliminado 23/07/2024),2026-09-08 00:37:17
6928396703135,Bocina Kms-313,1.0,190.0,100.0,BOCINA (Eliminado 23/07/2024),2026-09-08 00:37:17
4895174147240,BOCINA LINK BITS RFR-206,4.0,220.0,0.0,MEXICO,2026-09-08 00:37:17
6966235108178,Bocina Megafono Buytiti,0.0,130.0,80.0,MEXICO,2026-09-08 00:37:17
BS208,Bocina Megafono Fx,0.0,150.0,90.0,BOCINA (Eliminado 23/07/2024),2026-09-08 00:37:17
BS204,Bocina Megafono Fx,2.0,150.0,90.0,MEXICO,2026-09-08 00:37:17
98859096274530,Bocina Megafono Trashine,5.0,150.0,90.0,MEXICO,2026-09-08 00:37:17
MS-1648BT,Bocina Modelo Ms-1648bt,1.0,250.0,200.0,MEXICO,2026-09-08 00:37:17
MS-2211BT,Bocina Modelo Ms-2211bt,1.0,250.0,200.0,MEXICO,2026-09-08 00:37:17
RAFIA AMARILLA,Bola De Rafia Color Amarillo,5.0,120.0,95.0,lonas (Eliminado 23/07/2024),2026-09-08 00:37:17
7501014511023,Boligrafo Bic PM C12,0.0,6.0,0.0,casa,2026-09-08 00:37:17
BOLSA1,Bolsa #1,3.0,65.0,0.0,oaxaca,2026-09-08 00:37:17
BOLSACIERRE1,BOLSA CON CIERRE,1.0,70.0,0.0,ASGA,2026-09-08 00:37:17
BOLSACIERRE2,BOLSA CON CIERRE,1.0,90.0,0.0,ASGA,2026-09-08 00:37:17
BOLSACIERRE3,BOLSA CON CIERRE,1.0,110.0,0.0,ASGA,2026-09-08 00:37:17
BNO1,BOLSA DE ASA,4.0,5.0,0.0,casa,2026-09-15 00:30:58
BDB5,Bolsa De Basura 60x90,44.0,5.0,3.33,PUEBLA,2026-09-15 18:43:59
BDB10,Bolsa De Basura 90x120,72.0,10.0,8.0,PUEBLA,2026-09-16 19:25:20
BOLSA DE BASURAKILO,BOLSA DE BASURA POR KILO 60X90,55.0,65.0,0.0,PUEBLA,2026-09-08 00:37:17
BOLSA DE BASURA KILO,BOLSA DE BASURA POR KILO 90X120,2.0,75.0,0.0,PUEBLA,2026-09-08 00:37:17
BDBR5K,BOLSA DE BASURA REFORZADA 60X90,25.0,65.0,0.0,PUEBLA,2026-09-08 00:37:17
BC12,Bolsa De Costal,0.0,15.0,0.0,LION TOOLS,2026-09-11 21:12:43
BDCC10,BOLSA DE COSTAL CHICA,6.0,10.0,0.0,casa,2026-09-08 00:37:17
BCA1,BOLSA DE CUBREBOCA NIÑO,20.0,10.0,0.0,casa,2026-09-08 00:37:17
BCN1,BOLSA DE CUBREBOCAS AZUL,8.0,10.0,0.0,casa,2026-09-08 00:37:17
BCN2,BOLSA DE CUBREBOCAS NEGRO,15.0,10.0,0.0,casa,2026-09-08 00:37:17
BOLSAECO,Bolsa Ecologica Tela,1.0,15.0,0.0,MEXICO,2026-09-08 00:37:17
BG,BOLSA GRANDE,1.0,65.0,65.0,casa,2026-09-08 00:37:17
BN60X90G,Bolsa negra 60x90 gruesa,350.0,5.0,0.0,PUEBLA,2026-09-08 00:37:17
7501206600894,Bolsa Porta Clavos Carnaza Truper,1.0,190.0,170.0,Herramientas (Eliminado 23/07/2024),2026-09-08 00:37:17
BM4,BOLSA RAYADA GRANDE,106.0,4.0,0.0,ASGA,2026-09-08 00:37:17
BM3,BOLSA RAYADA MEDIANA,111.0,3.0,0.0,ASGA,2026-09-08 00:37:17
7506240687245,Bolsa Remaches 3/16 - 1/4,100.0,1.0,0.8,TRUPER,2026-09-08 00:37:17
BM,BOLSAMEDIANA,3.0,95.0,90.0,casa,2026-09-08 00:37:17
BN,BOLSANEGRA,0.0,65.0,65.0,casa,2026-09-08 00:37:17
2904,BOMBA DE AIRE MANUAL,1.0,130.0,0.0,LION TOOLS,2026-09-08 00:37:17
2905,BOMBA DE AIRE MANUAL,1.0,110.0,0.0,LION TOOLS,2026-09-08 00:37:17
2901,BOMBA DE AIRE MANUAL GRIS,0.0,220.0,0.0,LION TOOLS,2026-09-08 00:37:17
7501206668269,BOMBA DE AIRE TRUPER CHICA,0.0,180.0,0.0,hogar (Eliminado 23/07/2024),2026-09-08 00:37:17
2902,BOMBA MINI,1.0,130.0,0.0,LION TOOLS,2026-09-08 00:37:17
7506240640240,BOMBA PRETUL CHICA,0.0,60.0,0.0,hogar (Eliminado 23/07/2024),2026-09-08 00:37:17
7501206640050,BOMBA PRETUL GRANDE,0.0,250.0,0.0,hogar (Eliminado 23/07/2024),2026-09-08 00:37:17
7501206672327,BOMBA TRUPER GRANDE,0.0,280.0,0.0,hogar (Eliminado 23/07/2024),2026-09-08 00:37:17
BPCH11,Bosal Para Perro Chiquito,3.0,120.0,0.0,mascotas (Eliminado 23/07/2024),2026-09-08 00:37:17
BPCH22,Bosal Perro Chico Modelo2,1.0,135.0,0.0,mascotas (Eliminado 23/07/2024),2026-09-08 00:37:17
BPG11,Bosal Perro Grande,1.0,155.0,0.0,mascotas (Eliminado 23/07/2024),2026-09-08 00:37:17
DPM11,Bosal Perro Mediana,0.0,145.0,0.0,mascotas (Eliminado 23/07/2024),2026-09-08 00:37:17
BOTERTF,BOTE DE RATAFIN,1.0,200.0,190.0,casa,2026-09-08 00:37:17
7501206613771,Braca Sds Plus 14-1x18,0.0,450.0,420.0,Herramientas (Eliminado 23/07/2024),2026-09-08 00:37:17
7506240689874,Broca  Para Vidrio Y Azulejo 1/2 Truper,0.0,180.0,150.0,Herramientas (Eliminado 23/07/2024),2026-09-08 00:37:17
311,BROCA 1/4,4.0,50.0,0.0,Herramientas (Eliminado 23/07/2024),2026-09-08 00:37:17
3165140474450,BROCA 1/8,3.0,15.0,0.0,Herramientas (Eliminado 23/07/2024),2026-09-08 00:37:17
310,BROCA 11/64,0.0,35.0,0.0,Herramientas (Eliminado 23/07/2024),2026-09-08 00:37:17
3165140909662,BROCA 3/16 X 6,3.0,35.0,0.0,Herramientas (Eliminado 23/07/2024),2026-09-08 00:37:17
312,BROCA 3/8,5.0,130.0,0.0,Herramientas (Eliminado 23/07/2024),2026-09-08 00:37:17
3165140474474,BROCA 5/32,7.0,30.0,0.0,Herramientas (Eliminado 23/07/2024),2026-09-08 00:37:17
3165140474443,BROCA 7/64,1.0,20.0,0.0,Herramientas (Eliminado 23/07/2024),2026-09-08 00:37:17
3165140474467,BROCA 9/64,16.0,25.0,0.0,Herramientas (Eliminado 23/07/2024),2026-09-08 00:37:17
7501206613955,BROCA CON SISTEMA DIRECTO,0.0,75.0,0.0,Herramientas (Eliminado 23/07/2024),2026-09-08 00:37:17
7501206613856,BROCA CON SISTEMA DIRECTO,0.0,185.0,0.0,Herramientas (Eliminado 23/07/2024),2026-09-08 00:37:17
7506240688075,Broca De Madera 7/16 Truper,0.0,75.0,70.0,Herramientas (Eliminado 23/07/2024),2026-09-08 00:37:17
7506240610670,BROCA DRILL BIT,0.0,117.0,0.0,Herramientas (Eliminado 23/07/2024),2026-09-08 00:37:17
3165140909679,BROCA PARA CONCRETO 1/2,4.0,45.0,0.0,Herramientas (Eliminado 23/07/2024),2026-09-08 00:37:17
3165140439695,BROCA PARA CONCRETO 1/2,1.0,55.0,0.0,Herramientas (Eliminado 23/07/2024),2026-09-08 00:37:17
3165140439602,BROCA PARA CONCRETO 1/4,3.0,20.0,0.0,Herramientas (Eliminado 23/07/2024),2026-09-08 00:37:17
3165140909570,BROCA PARA CONCRETO 3/16 X 3 1/2,11.0,20.0,0.0,Herramientas (Eliminado 23/07/2024),2026-09-08 00:37:17
3165140439657,BROCA PARA CONCRETO 3/8,0.0,35.0,0.0,Herramientas (Eliminado 23/07/2024),2026-09-08 00:37:17
3165140909587,BROCA PARA CONCRETO 3/8X4,8.0,50.0,0.0,Herramientas (Eliminado 23/07/2024),2026-09-08 00:37:17
3165140439626,BROCA PARA CONCRETO 5/16,2.0,30.0,0.0,Herramientas (Eliminado 23/07/2024),2026-09-08 00:37:17
3165140909686,BROCA PARA CONCRETO 5/32,9.0,15.0,0.0,Herramientas (Eliminado 23/07/2024),2026-09-08 00:37:17
3165140439718,BROCA PARA CONCRETO 5/8,3.0,65.0,0.0,Herramientas (Eliminado 23/07/2024),2026-09-08 00:37:17
3165140909716,BROCA PARA CONCRETO 9/32,6.0,25.0,0.0,Herramientas (Eliminado 23/07/2024),2026-09-08 00:37:17
7506240688082,Broca Para Madera 1/2 Truper,0.0,80.0,65.0,Baño (Eliminado 23/07/2024),2026-09-08 00:37:17
7506240688037,Broca Para Madera 1/4 Truper,1.0,30.0,25.0,Herramientas (Eliminado 23/07/2024),2026-09-08 00:37:17
7506240687993,Broca Para Madera 1/8 Truper,0.0,20.0,18.0,Herramientas (Eliminado 23/07/2024),2026-09-08 00:37:17
7506240688013,Broca Para Madera 3/16 Truper,0.0,22.0,19.0,Herramientas (Eliminado 23/07/2024),2026-09-08 00:37:17
7506240688068,Broca Para Madera 3/8 Truper,0.0,50.0,40.0,Herramientas (Eliminado 23/07/2024),2026-09-08 00:37:17
7506240688051,Broca Para Madera 5/16 Truper,0.0,45.0,40.0,Herramientas (Eliminado 23/07/2024),2026-09-08 00:37:17
7506240688006,Broca Para Madera 5/32 Truper,0.0,20.0,18.0,Herramientas (Eliminado 23/07/2024),2026-09-08 00:37:17
7506240688020,Broca Para Madera 7/32 Truper,0.0,23.0,20.0,Herramientas (Eliminado 23/07/2024),2026-09-08 00:37:17
7506240688044,Broca Para Madera 9/32 Truper,0.0,38.0,35.0,Herramientas (Eliminado 23/07/2024),2026-09-08 00:37:17
7506240689843,Broca Para Vidrio Y Azulejo 1/4 Truper,0.0,115.0,100.0,Herramientas (Eliminado 23/07/2024),2026-09-08 00:37:17
7506240689836,Broca Para Vidrio Y Azulejo 3/16 Truper,0.0,95.0,85.0,Herramientas (Eliminado 23/07/2024),2026-09-08 00:37:17
7506240689867,Broca Para Vidrio Y Azulejo 3/8 Truper,0.0,130.0,100.0,Herramientas (Eliminado 23/07/2024),2026-09-08 00:37:17
7506240689850,Broca Para Vidrio Y Azulejo 5/16 Truper,0.0,117.0,90.0,Herramientas (Eliminado 23/07/2024),2026-09-08 00:37:17
7501206614020,Broca Sds Plus Truper 1/4 X 5 1/2-8,0.0,80.0,75.0,Herramientas (Eliminado 23/07/2024),2026-09-08 00:37:17
7501206614037,Broca Sds Plus Truper 1/4x3 3/8-6,0.0,60.0,55.0,Herramientas (Eliminado 23/07/2024),2026-09-08 00:37:17
7506240682028,Broca Sds Plus Truper 3/16x2-4,0.0,50.0,45.0,Herramientas (Eliminado 23/07/2024),2026-09-08 00:37:17
7506240682035,Broca Sds Plus Truper 3/16x3 3/8-6,0.0,54.0,50.0,Herramientas (Eliminado 23/07/2024),2026-09-08 00:37:17
7506240682097,Broca Sds Plus Truper 5mmX42mm-110mm,0.0,45.0,40.0,Herramientas (Eliminado 23/07/2024),2026-09-08 00:37:17
7506240682103,Broca Sds Plus Truper 5mmX90mm-160mm,0.0,48.0,45.0,Herramientas (Eliminado 23/07/2024),2026-09-08 00:37:17
7506240682134,Broca Sds Plus Truper 6mmX135mm-210mm,0.0,60.0,55.0,Herramientas (Eliminado 23/07/2024),2026-09-08 00:37:17
7506240682110,Broca Sds Plus Truper 6mmX42mm-110mm,0.0,44.0,40.0,Herramientas (Eliminado 23/07/2024),2026-09-08 00:37:17
7501206613788,Broca Sds Plus Truper 7 1/4-1x10,0.0,300.0,290.0,Herramientas (Eliminado 23/07/2024),2026-09-08 00:37:17
7506240682172,Broca Sds Plus Truper 8mmX135mm-210mm,0.0,70.0,65.0,Herramientas (Eliminado 23/07/2024),2026-09-08 00:37:17
7506240682158,Broca Sds Plus Truper 8mmX42mm-110mm,0.0,62.0,55.0,Herramientas (Eliminado 23/07/2024),2026-09-08 00:37:17
7506240610663,BROCA TRUPER,0.0,85.0,0.0,Herramientas (Eliminado 23/07/2024),2026-09-08 00:37:17
7506240610632,BROCA TRUPER,0.0,35.0,0.0,Herramientas (Eliminado 23/07/2024),2026-09-08 00:37:17
7506240610625,BROCA TRUPER,0.0,28.0,0.0,Herramientas (Eliminado 23/07/2024),2026-09-08 00:37:17
7506240610595,BROCA TRUPER,0.0,20.0,0.0,Herramientas (Eliminado 23/07/2024),2026-09-08 00:37:17
7506240610601,BROCA TRUPER,0.0,25.0,0.0,Herramientas (Eliminado 23/07/2024),2026-09-08 00:37:17
7506240610588,BROCA TRUPER,0.0,18.0,0.0,Herramientas (Eliminado 23/07/2024),2026-09-08 00:37:17
7502239098672,BROCHA,0.0,50.0,0.0,PUEBLA,2026-09-08 00:37:17
8451,BROCHA 1,1.0,10.0,5.0,LION TOOLS,2026-09-08 00:37:17
8452,BROCHA 1 1/2,2.0,13.0,8.0,LION TOOLS,2026-09-08 01:01:43
8450,BROCHA 1/2,1.0,8.0,5.0,LION TOOLS,2026-09-08 00:37:17
8453,BROCHA 2,2.0,17.0,10.0,LION TOOLS,2026-09-08 00:37:17
8454,BROCHA 2 1/2,11.0,20.0,12.0,LION TOOLS,2026-09-08 00:37:17
8455,BROCHA 3,0.0,25.0,16.0,LION TOOLS,2026-09-08 00:37:17
8456,BROCHA 4,0.0,35.0,20.0,LION TOOLS,2026-09-08 00:37:17
8457,BROCHA 5,0.0,45.0,30.0,LION TOOLS,2026-09-08 00:37:17
8458,BROCHA 6,1.0,50.0,35.0,Herramientas (Eliminado 23/07/2024),2026-09-08 00:37:17
7506240644309,BROCHA DE PELO DE CAMELLO 1 1/2 TRUPER,0.0,35.0,0.0,Herramientas (Eliminado 23/07/2024),2026-09-08 00:37:17
8467,BROCHA PELO DE CAMELLO 4,0.0,70.0,55.0,Herramientas (Eliminado 23/07/2024),2026-09-08 00:37:17
7501206674994,BROCHA PRETUL 6,0.0,60.0,0.0,Herramientas (Eliminado 23/07/2024),2026-09-08 00:37:17
CIG-07,Cabeza De Cargador,10.0,25.0,0.0,- Sin Departamento - (Eliminado 13/07/2025),2026-09-08 00:37:17
CIG-05,Cabeza De Cargador Con  2 Entradas,13.0,45.0,30.0,hogar (Eliminado 23/07/2024),2026-09-08 00:37:17
186,Cabeza De Cargador Hora,23.0,45.0,35.0,hogar (Eliminado 23/07/2024),2026-09-08 00:37:17
CIG12PD,CABEZA DE CARGADOR TIPO C,3.0,85.0,0.0,ASGA,2026-09-08 00:37:17
397456,CABLE #12 Rojo Iusa,1.0,1500.0,0.0,TRUPER,2026-09-08 00:37:17
98859096274369,CABLE 3 EN 1 USB TRANSHINE,2.0,55.0,45.0,hogar (Eliminado 23/07/2024),2026-09-08 00:37:17
2412,CABLE AUDIO 2PLUG-1MONO,21.0,30.0,20.0,MEXICO,2026-09-08 00:37:17
2415,CABLE AUDIO 3PLUG-3PLUG 1.8M,19.0,30.0,20.0,LION TOOLS,2026-09-08 00:37:17
2416,CABLE AUDIO 3PLUG-3PLUG 2.75MTS,11.0,45.0,30.0,LION TOOLS,2026-09-15 19:51:44
2409,CABLE AUXILIAR NEGRO,7.0,25.0,10.0,LION TOOLS,2026-09-08 00:37:17
397455,CABLE BLANCO #12 IUSA,1.0,1500.0,0.0,TRUPER,2026-09-08 00:37:17
7502309730471,Cable Blanco #8,49.0,20.0,20.0,PUEBLA,2026-09-08 00:37:17
6969201905160,CABLE CARGADOR,5.0,90.0,0.0,hogar (Eliminado 23/07/2024),2026-09-08 00:37:17
7503031349443,CABLE CARGADOR  TIPOC,1.0,60.0,0.0,MEXICO,2026-09-08 00:37:17
250,CABLE DE 2SALIDAS,3.0,35.0,25.0,CABLES (Eliminado 23/07/2024),2026-09-08 00:37:17
98859096274250,CABLE DE DATOS TRANSHINE,4.0,95.0,75.0,hojar (Eliminado 23/07/2024),2026-09-08 00:37:17
632,CABLE ECO TIPO-V8,11.0,25.0,15.0,CABLES (Eliminado 23/07/2024),2026-09-08 00:37:17
4050,CABLE KEER CALIBRE 12 POR METRO,0.0,20.0,0.0,DON RAMON,2026-09-08 00:37:17
4053,CABLE KEER CALIBRE 18 METRO,8.0,9.0,8.0,DON RAMON,2026-09-08 00:37:17
252,CABLE PARA BOCINA,0.0,35.0,25.0,LION TOOLS,2026-09-08 00:37:17
264,CABLE PARA ENTRADAV8,0.0,35.0,0.0,MEXICO,2026-09-08 00:37:17
1904,CABLE PARA GRABADORA,13.0,30.0,18.0,CABLES (Eliminado 23/07/2024),2026-09-08 00:37:17
265,CABLE PARA JARRA ELECTRICA,0.0,45.0,0.0,CABLES (Eliminado 23/07/2024),2026-09-08 00:37:17
7502309730570,CABLE POR ROLLO N12,0.0,650.0,0.0,FERREPAT,2026-09-08 00:37:17
631,CABLE TIPO-C ECONOMICO,6.0,25.0,15.0,CABLES (Eliminado 23/07/2024),2026-09-08 00:37:17
7503027214380,CABLE TIPOC CARGADOR,0.0,70.0,0.0,hogar (Eliminado 23/07/2024),2026-09-08 00:37:17
7501206658987,CABLES PARA CORRIENTE TRUPER,0.0,325.0,0.0,Herramientas (Eliminado 23/07/2024),2026-09-08 00:37:17
248,CABO DE MARRO,1.0,45.0,0.0,Herramientas (Eliminado 23/07/2024),2026-09-08 00:37:17
243,CABO PARA HACHA,2.0,150.0,0.0,Herramientas (Eliminado 23/07/2024),2026-09-08 00:37:17
246,CABO PARA HACHA,4.0,90.0,0.0,Herramientas (Eliminado 23/07/2024),2026-09-08 00:37:17
245,CABO PARA HACHA/PICO,2.0,100.0,0.0,Herramientas (Eliminado 23/07/2024),2026-09-08 00:37:17
247,CABO PARA MARRO,3.0,30.0,0.0,Herramientas (Eliminado 23/07/2024),2026-09-08 00:37:17
244,CABO PARA MARRO Y PALA MADERA,2.0,150.0,0.0,Herramientas (Eliminado 23/07/2024),2026-09-08 00:37:17
333CADENA,CADENA 0333 LION,58.0,30.0,0.0,LION TOOLS,2026-09-09 20:51:42
7506563901936,CADENA PARA PERRO 4MM,1.0,55.0,0.0,ASGA,2026-09-08 00:37:17
4367,CADENA PERRO 2MM,2.0,20.0,18.0,LION TOOLS,2026-09-08 00:37:17
4252,CADENA PERRO 3MM,2.0,30.0,25.0,LION TOOLS,2026-09-08 00:37:17
4400,CADENA PERRO 4MM,0.0,40.0,35.0,LION TOOLS,2026-09-08 00:37:17
4401,CADENA PERRO 5MM,10.0,85.0,60.0,LION TOOLS,2026-09-08 00:37:17
3545,CADENA PERRO CASTIGO 2MM,4.0,20.0,15.0,LION TOOLS,2026-09-08 00:37:17
3546,CADENA PERRO CASTIGO 3MM,2.0,30.0,0.0,mascotas (Eliminado 23/07/2024),2026-09-08 00:37:17
3547,CADENA PERRO CASTIGO 4MM,0.0,40.0,30.0,mascotas (Eliminado 23/07/2024),2026-09-08 00:37:17
3548,CADENA PERRO CASTIGO 5MM,0.0,50.0,40.0,LION TOOLS,2026-09-08 00:37:17
334,CADENA POR METRO CHICA,58.0,65.0,0.0,ASGA,2026-09-08 00:37:17
7506240670056,Cafe Anodizado Pintura En Aerosol,0.0,95.0,0.0,FERREPAT,2026-09-08 00:37:17
7501206696347,Caja 4x4 Cuadrada De Plastico Volteck,6.0,20.0,18.0,hogar (Eliminado 23/07/2024),2026-09-08 00:37:17
CCC18KEER,Caja Cable Calibre 18 KEER,2.0,600.0,500.0,MEXICO,2026-09-08 00:37:17
CCIB,Caja De Cable Iusa Blanc,0.0,1200.0,0.0,casa,2026-09-08 00:37:17
CCIR,Caja De Cable Uisa Rojo,1.0,1200.0,0.0,FERREPAT,2026-09-08 00:37:17
7506240681106,Caja De Contactos Volteck,1.0,35.0,30.0,hogar (Eliminado 23/07/2024),2026-09-08 00:37:17
CE0197,CAJA DE CUBREBOCAS AZUL (50PZ),0.0,40.0,30.0,MEXICO,2026-09-08 00:37:17
10855553008587,Caja De Encendedor CUE,3.0,180.0,140.0,hojar (Eliminado 23/07/2024),2026-09-08 00:37:17
10855553008228,CAJA DE ENCENDEDOR NEON,0.0,170.0,0.0,HUAJUAPAN,2026-09-08 00:37:17
8906111920324,CAJA DE ENCENDEDOR RECARGABLE BONGEHIE,1.0,160.0,0.0,hogar (Eliminado 23/07/2024),2026-09-08 00:37:17
CAJA PEGAMOSCA AMARI,Caja De Pegamosca Amarillo,7.0,180.0,0.0,HUAJUAPAN,2026-09-08 00:37:17
7501206696637,Caja para Herramientas Chica,1.0,380.0,350.0,- Sin Departamento - (Eliminado 13/07/2025),2026-09-08 00:37:17
11506,Caja Para Herramientas Grande,1.0,680.0,650.0,MEXICO,2026-09-08 00:37:17
1287,CALENTADOR 1L,0.0,35.0,25.0,hogar (Eliminado 23/07/2024),2026-09-08 00:37:17
4556,CALENTADOR 20L,12.0,50.0,35.0,LION TOOLS,2026-09-15 18:46:07
4555,CALENTADOR 35L,4.0,60.0,40.0,LION TOOLS,2026-09-10 17:58:21
122,CALENTADOR BARRIL,0.0,35.0,0.0,Herramientas (Eliminado 23/07/2024),2026-09-08 00:37:17
1289,Calentador De 15L,7.0,40.0,30.0,LION TOOLS,2026-09-12 00:57:45
7313,CAMARA LLANATA,0.0,60.0,0.0,LION TOOLS,2026-09-08 00:37:17
4638,Camara Para Diablo,1.0,35.0,0.0,LION TOOLS,2026-09-08 00:37:17
272,Campana Niple 1/2-1/2,0.0,45.0,0.0,- Sin Departamento - (Eliminado 13/07/2025),2026-09-08 00:37:17
271,Campana Niple 3/8-1/2,3.0,25.0,0.0,DON RAMON,2026-09-08 00:37:17
270,Campana Niple 3/8-3/8,3.0,25.0,0.0,FERREPAT,2026-09-08 00:37:17
2410,CAMPANA VIDEO ROSCA RG59,4.0,5.0,2.0,hogar (Eliminado 23/07/2024),2026-09-08 00:37:17
7506240639619,CANASTILLA-MALLA FOSET,0.0,40.0,0.0,hogar (Eliminado 23/07/2024),2026-09-08 00:37:17
12,CANDADO,8.0,40.0,0.0,LION TOOLS,2026-09-08 00:37:17
14,CANDADO,4.0,99.0,0.0,LION TOOLS,2026-09-08 00:37:17
4490,CANDADO 30MM,7.0,35.0,25.0,LION TOOLS,2026-09-11 20:07:49
2076,CANDADO 40MM,12.0,55.0,0.0,hogar (Eliminado 23/07/2024),2026-09-08 00:37:17
4491,CANDADO 40MM,1.0,45.0,30.0,LION TOOLS,2026-09-08 00:37:17
4492,CANDADO 50MM,7.0,65.0,50.0,LION TOOLS,2026-09-14 23:06:06
2077,CANDADO 50MM,0.0,65.0,55.0,hogar (Eliminado 23/07/2024),2026-09-08 00:37:17
4493,CANDADO 63MM,14.0,90.0,55.0,LION TOOLS,2026-09-08 00:37:17
4485,CANDADO 90 MM,0.0,190.0,0.0,LION TOOLS,2026-09-16 21:03:22
2572,Candado Acero Redondo Gancho Corto,1.0,180.0,0.0,Herramientas (Eliminado 23/07/2024),2026-09-08 00:37:17
2573,Candado Acero Redondo Gancho Largo 65mm,0.0,195.0,0.0,Herramientas (Eliminado 23/07/2024),2026-09-08 00:37:17
7452,CANDADO CABLE CONBINACION 80CM,0.0,115.0,0.0,hogar (Eliminado 23/07/2024),2026-09-08 00:37:17
7442,CANDADO CABLE MULTIUSOS,1.0,45.0,0.0,hogar (Eliminado 23/07/2024),2026-09-08 00:37:17
100,CANDADO CHICO LION,4.0,40.0,25.0,LION TOOLS,2026-09-08 00:37:17
2574,CANDADO CON CORAZA 40MM,3.0,95.0,0.0,hogar (Eliminado 23/07/2024),2026-09-08 00:37:17
2575,CANDADO CON CORAZA 50MM,1.0,160.0,0.0,hogar (Eliminado 23/07/2024),2026-09-08 00:37:17
2576,CANDADO CON CORAZA 70MM,0.0,180.0,0.0,hogar (Eliminado 23/07/2024),2026-09-08 00:37:17
4482,CANDADO CORTINA DE LATON 70MM,0.0,280.0,0.0,LION TOOLS,2026-09-08 00:37:17
2568,CANDADO CUADRADO 40MM,2.0,195.0,0.0,hogar (Eliminado 23/07/2024),2026-09-08 00:37:17
2075,CANDADO DE 32MM,0.0,35.0,25.0,LION TOOLS,2026-09-08 00:37:17
7449,CANDADO DE CABLE 1.20M,0.0,195.0,0.0,hogar (Eliminado 23/07/2024),2026-09-08 00:37:17
7447,CANDADO DE CABLE CONBINACION,0.0,135.0,0.0,hogar (Eliminado 23/07/2024),2026-09-08 00:37:17
7501787767856,CANDADO DE CONBINACION,0.0,70.0,0.0,hogar (Eliminado 23/07/2024),2026-09-08 00:37:17
103,CANDADO EXTRAGRANDE LION,1.0,100.0,85.0,LION TOOLS,2026-09-14 23:06:07
CANDADO MAINCRAFT,CANDADO EXTRAGRANDE MAINCRAFT,4.0,50.0,0.0,hogar (Eliminado 23/07/2024),2026-09-08 00:37:17
102,CANDADO GRANDE,4.0,75.0,50.0,LION TOOLS,2026-09-08 00:37:17
4489,Candado Hierro 25mm,14.0,25.0,20.0,LION TOOLS,2026-09-08 00:37:17
4484,CANDADO HIERRO CORTINA,0.0,200.0,0.0,LION TOOLS,2026-09-08 00:37:17
4483,CANDADO HIERRO CORTINA 70MM,1.0,180.0,0.0,hogar (Eliminado 23/07/2024),2026-09-08 00:37:17
2010,CANDADO LAMINADO 30MM,0.0,50.0,0.0,hogar (Eliminado 23/07/2024),2026-09-08 00:37:17
2011,CANDADO LAMINADO 40MM,0.0,60.0,0.0,hogar (Eliminado 23/07/2024),2026-09-08 00:37:17
2012,CANDADO LAMINADO 45MM,0.0,80.0,0.0,hogar (Eliminado 23/07/2024),2026-09-08 00:37:17
M51,Candado Maincraft Chico,4.0,25.0,0.0,HUAJUAPAN,2026-09-08 00:37:17
CANDADO MAINDRAFT,CANDADO MAINCRAFT GRANDE,3.0,40.0,0.0,hogar (Eliminado 23/07/2024),2026-09-08 00:37:17
M53,Candado Maincraft Grande,0.0,45.0,0.0,bvh,2026-09-08 00:37:17
M52,Candado Maincraft Mediano,2.0,35.0,0.0,MEXICO,2026-09-08 00:37:17
7440,CANDADO MALETERO COMBINACION 25MM,0.0,60.0,0.0,LION TOOLS,2026-09-08 00:37:17
101,CANDADO MEDIANO LION,0.0,45.0,35.0,LION TOOLS,2026-09-08 00:37:17
4888,CANDADO MINI 20MM,0.0,20.0,0.0,hogar (Eliminado 23/07/2024),2026-09-08 00:37:17
7444,CANDADO PARA AUTO,1.0,195.0,0.0,hogar (Eliminado 23/07/2024),2026-09-08 00:37:17
104,CANDADO PHILIPS,0.0,150.0,0.0,hogar (Eliminado 23/07/2024),2026-09-08 00:37:17
105,CANDADO PHILIPS,2.0,180.0,0.0,hogar (Eliminado 23/07/2024),2026-09-08 00:37:17
4488,CANDADOS DE HIERRO 20MM,37.0,20.0,15.0,LION TOOLS,2026-09-08 00:37:17
6920243181387,Capa Delgada,4.0,55.0,35.0,- Sin Departamento - (Eliminado 13/07/2025),2026-09-08 00:37:17
6325486541231,CAR CHARGER USB,2.0,50.0,0.0,hogar (Eliminado 23/07/2024),2026-09-08 00:37:17
181,Car Charguer Sencillo,16.0,35.0,0.0,MEXICO,2026-09-08 00:37:17
279,Carbon Para Licuadora Man Por Pieza,15.0,25.0,0.0,hogar (Eliminado 23/07/2024),2026-09-08 00:37:17
278,Carbon Para Licuadora Oster,21.0,28.0,0.0,ASGA,2026-09-08 00:37:17
WWW.TRANSHINE.COM.MX,CARGA RAPIDA 3M V8 TRANSHINE,0.0,65.0,0.0,hogar (Eliminado 23/07/2024),2026-09-08 00:37:17
64,CARGADOR,6.0,45.0,0.0,MEXICO,2026-09-16 01:18:25
6916861010109,Cargador  Buytiti,12.0,50.0,40.0,MEXICO,2026-09-08 00:37:17
98859096274784,CARGADOR 1MORE 2.1A  5.0V TIPO C,2.0,80.0,0.0,hogar (Eliminado 23/07/2024),2026-09-08 00:37:17
98859096274782,CARGADOR 1MORE 2.1A  5.0V TIPO V8,0.0,80.0,0.0,hogar (Eliminado 23/07/2024),2026-09-08 00:37:17
98859096274439,CARGADOR COMPLETO TYPE-C,4.0,100.0,0.0,hogar (Eliminado 23/07/2024),2026-09-08 00:37:17
6972024120122,CARGADOR DE LAMPARA,1.0,130.0,0.0,ASGA,2026-09-08 00:37:17
2809,CARGADOR DE PILA RECARGABLE,0.0,35.0,25.0,LION TOOLS,2026-09-08 00:37:17
2889,CARGADOR DE PILAS AA Y AAA,2.0,250.0,0.0,LION TOOLS,2026-09-08 00:37:17
98859096274392,CARGADOR INALAMBRICO TRANSHINE,5.0,120.0,0.0,MEXICO,2026-09-08 00:37:17
7503027768258,CARGADOR PARA AUTO 1HORA,17.0,60.0,45.0,hogar (Eliminado 23/07/2024),2026-09-08 00:37:17
117,CARGADOR PARA ¡OS TRANSINE,0.0,45.0,0.0,hogar (Eliminado 23/07/2024),2026-09-08 00:37:17
98859096274515,CARGADOR T-C 1M TRANSHINE,1.0,45.0,30.0,hogar (Eliminado 23/07/2024),2026-09-08 00:37:17
98859096274375,CARGADOR T-C 2M TRANSHINE,0.0,65.0,50.0,hogar (Eliminado 23/07/2024),2026-09-08 00:37:17
98859096274810,CARGADOR TIPO C 1M,0.0,45.0,0.0,hogar (Eliminado 23/07/2024),2026-09-08 00:37:17
98859096274442,CARGADOR TIPO C COMPLETO,8.0,70.0,0.0,hogar (Eliminado 23/07/2024),2026-09-08 00:37:17
98859096274428,CARGADOR TRANSHINE 1M V8,0.0,45.0,30.0,HUAJUAPAN,2026-09-08 00:37:17
98859096274436,CARGADOR TRANSHINE 3M T-C,4.0,75.0,60.0,hogar (Eliminado 23/07/2024),2026-09-08 00:37:17
98859096274522,CARGADOR TRANSHINE T-C,0.0,45.0,30.0,hogar (Eliminado 23/07/2024),2026-09-08 00:37:17
CHA305,CARGADOR TURBO IPHONE,2.0,85.0,0.0,ASGA,2026-09-08 00:37:17
CHA304,CARGADOR TURBO TIPO C,3.0,85.0,0.0,ASGA,2026-09-08 00:37:17
98859096274374,CARGADOR V8 2MTS,9.0,55.0,40.0,hogar (Eliminado 23/07/2024),2026-09-08 00:37:17
98859096274435,CARGADOR V8 3M TRANSHINE,2.0,65.0,50.0,hogar (Eliminado 23/07/2024),2026-09-08 00:37:17
98859096274445,CARGADOR V8 TRANSHINE,0.0,70.0,0.0,hogar (Eliminado 23/07/2024),2026-09-08 00:37:17
98859096274443,CARGADOR V8 TRANSHINE,2.0,70.0,0.0,hogar (Eliminado 23/07/2024),2026-09-08 00:37:17
98859096274447,CARGADOR V8 TRANSHINE,0.0,70.0,0.0,hogar (Eliminado 23/07/2024),2026-09-08 00:37:17
885909627363,CARGADOR ¡PHONE X COMPLETO,2.0,100.0,0.0,hogar (Eliminado 23/07/2024),2026-09-08 00:37:17
7845163189130,Carrito De Mandado De Tela,1.0,250.0,180.0,casa,2026-09-08 00:37:17
CDMM,Carrito De Mandado Metalico,0.0,350.0,320.0,MEXICO,2026-09-08 00:37:17
7501206686287,Cartucho De Gas Butano 275g Truper,0.0,75.0,65.0,hogar (Eliminado 23/07/2024),2026-09-08 00:37:17
7501206637975,CAUTIN PRETULTIPO LAPIZ,1.0,100.0,0.0,hogar (Eliminado 23/07/2024),2026-09-08 00:37:17
7501206665510,CAUTIN TIPO LAPIZ,1.0,170.0,160.0,TRUPER,2026-09-08 00:37:17
4139,CAUTIN TIPO-LAPIZ,2.0,85.0,0.0,LION TOOLS,2026-09-08 00:37:17
7570,Cazamax VENENO DE MOSCA,0.0,25.0,0.0,MEXICO,2026-09-08 00:37:17
7501206650561,CAZANGA PEQUEÑA,0.0,135.0,0.0,Herramientas (Eliminado 23/07/2024),2026-09-08 00:37:17
7506080610502,CEMENTO AMARILLO OMEGA,2.0,55.0,0.0,hogar (Eliminado 23/07/2024),2026-09-08 00:37:17
7506080600503,CEMENTO AZUL OMEGA,1.0,65.0,0.0,hogar (Eliminado 23/07/2024),2026-09-08 00:37:17
7503007746092,CEMENTO PARA PVC,0.0,75.0,0.0,hogar (Eliminado 23/07/2024),2026-09-08 00:37:17
7506240613749,Cemento Pvc,2.0,60.0,0.0,Herramientas (Eliminado 23/07/2024),2026-09-08 00:37:17
7506240656975,Cemento Pvc Azul,1.0,50.0,0.0,Herramientas (Eliminado 23/07/2024),2026-09-08 00:37:17
CE2,CENSERRO #2,0.0,130.0,0.0,LION TOOLS,2026-09-08 00:37:17
CE3,CENSERRO #3,0.0,140.0,0.0,LION TOOLS,2026-09-08 00:37:17
CE1,CENSERRO 1,0.0,120.0,0.0,LION TOOLS,2026-09-08 00:37:17
791279115396,CENTRO DE CARGA 1 UNIDAD,1.0,150.0,0.0,hogar (Eliminado 23/07/2024),2026-09-08 00:37:17
7501816604022,CENTRO DE CARGA 2 UNIDADES,1.0,250.0,0.0,hogar (Eliminado 23/07/2024),2026-09-08 00:37:17
791279115372,Centro De Carga 2v. Empotrar 50amp Iusa,1.0,190.0,0.0,ASGA,2026-09-08 00:37:17
7501206662397,Centro De Carga P/Sobreponer 4polos,1.0,295.0,0.0,hogar (Eliminado 23/07/2024),2026-09-08 00:37:17
7501206662342,Centro De Carga Para Empotrar 1 Polo Volteck,0.0,120.0,110.0,hojar (Eliminado 23/07/2024),2026-09-08 00:37:17
7501206662359,CENTRO DE CARGA PARA SOBREPONER 1POLO,0.0,130.0,0.0,hogar (Eliminado 23/07/2024),2026-09-08 00:37:17
525,CEPILLO,2.0,65.0,0.0,LION TOOLS,2026-09-08 00:37:17
7576865422880,Cepillo,99.0,5.0,0.0,HUAJUAPAN,2026-09-15 19:00:14
8512,CEPILLO ALAMBRE 10,1.0,35.0,25.0,Herramientas (Eliminado 23/07/2024),2026-09-08 00:37:17
CEPILLOCH,CEPILLO CHICO,1.0,20.0,0.0,ASGA,2026-09-11 18:12:31
1875,Cepillo De Alambre 4X16 Pinceles,2.0,40.0,30.0,LION TOOLS,2026-09-08 00:37:17
8513,Cepillo De Alambre 6x19,2.0,55.0,35.0,LION TOOLS,2026-09-08 00:37:17
2355553206095,CEPILLO DELTAL MAINCRAFT,0.0,5.0,3.75,hogar (Eliminado 23/07/2024),2026-09-08 00:37:17
4710635031060,Cepillo Dental Adulo Konnig,2.0,45.0,0.0,PUEBLA,2026-09-08 00:37:17
1872,CEPILLO MINI 18CM,2.0,45.0,0.0,LION TOOLS,2026-09-08 00:37:17
6954947280732,CEPILLO MINI PAQUETE COLORES,1.0,35.0,0.0,PUEBLA,2026-09-08 00:37:17
8469,CEPILLO PARA PICAR PINTURA,3.0,90.0,0.0,Herramientas (Eliminado 23/07/2024),2026-09-08 00:37:17
724611001118,CEPILLO PARA PLATOS,2.0,35.0,0.0,PUEBLA,2026-09-08 00:37:17
JF7732,CEPILLO PARA TENIS,0.0,35.0,0.0,PUEBLA,2026-09-08 00:37:17
7502237250393,CEPILLO PERICO,2.0,25.0,0.0,PUEBLA,2026-09-08 00:37:17
7502237250454,CEPILLO PERICO PLANCHA,2.0,25.0,0.0,PUEBLA,2026-09-08 00:37:17
CEPILLO32,CEPILLO POR PIEZA TENIS,3.0,15.0,0.0,PUEBLA,2026-09-08 00:37:17
2807-3,CEPILLO POR PÍEZA COLORES,2.0,15.0,0.0,PUEBLA,2026-09-08 00:37:17
7501232001306,Cerillo Flama Por Pieza,2.0,10.0,0.0,LION TOOLS,2026-09-08 00:37:17
7503024961003,CERILLO SOLES,14.0,15.0,0.0,HUAJUAPAN,2026-09-16 19:24:51
7501206609613,Cerradura De Pomo Para Entrada,0.0,180.0,155.0,TRUPER,2026-09-08 00:37:17
1956,Cerradura De Sobreponer Derecha,0.0,200.0,170.0,Herramientas (Eliminado 23/07/2024),2026-09-08 00:37:17
1955,Cerradura De Sobreponer Izquierda D,0.0,200.0,170.0,FERREPAT,2026-09-08 00:37:17
7501206609583,Cerradura Pomo Hermex,0.0,180.0,155.0,TRUPER,2026-09-08 00:37:17
2513,CERRADURA TIPO POMO PARA RECAMARA,0.0,140.0,0.0,LION TOOLS,2026-09-08 00:37:17
7506325101291,CESPED,0.0,95.0,0.0,LION TOOLS,2026-09-08 00:37:17
7506325100836,CESPOL,0.0,95.0,0.0,LION TOOLS,2026-09-08 00:37:17
7506240629306,CESPOL PVC PARA FREGADERO,0.0,185.0,0.0,hogar (Eliminado 23/07/2024),2026-09-08 00:37:17
8379,CHAIRA 12,0.0,130.0,0.0,hogar (Eliminado 23/07/2024),2026-09-08 00:37:17
95,CHAIRA 14,1.0,170.0,0.0,LION TOOLS,2026-09-08 00:37:17
7506240611615,Chaleco De Seguridad,0.0,60.0,50.0,FERREPAT,2026-09-08 00:37:17
359,CHALUPA CUADRADO CHICO DE 1/2,3.0,15.0,12.0,Herramientas (Eliminado 23/07/2024),2026-09-08 00:37:17
360,CHALUPA DE 3/4 CUADRADO GRANDE,0.0,20.0,15.0,Herramientas (Eliminado 23/07/2024),2026-09-08 00:37:17
361,CHALUPA RECTANGULAR,29.0,10.0,8.0,Herramientas (Eliminado 23/07/2024),2026-09-08 00:37:17
503MX,CHALUPA RECTANGULAR PLASTICO,10.0,13.0,10.0,Herramientas (Eliminado 23/07/2024),2026-09-08 00:37:17
633349005490,Chapa Dexter Derecha,0.0,220.0,0.0,FERREPAT,2026-09-08 00:37:17
633349005506,Chapa Dexter Izquierda,0.0,220.0,0.0,FERREPAT,2026-09-08 00:37:17
751299006203,Chapa Phillips Derecha,0.0,270.0,0.0,FERREPAT,2026-09-08 00:37:17
751299006210,Chapa Phillips Izquierda,1.0,270.0,0.0,FERREPAT,2026-09-08 00:37:17
7501058743121,Chinola Nugget Negra,6.0,25.0,20.0,HUAJUAPAN,2026-09-08 00:37:17
3165140397322,CINCEL AZULEJO PLANO BOSCH,2.0,500.0,0.0,Herramientas (Eliminado 23/07/2024),2026-09-08 00:37:17
3165140328012,CINCEL AZULEJO PLANO BOSH,2.0,495.0,0.0,Herramientas (Eliminado 23/07/2024),2026-09-08 00:37:17
CN45,CINCEL CHICO,10.0,45.0,0.0,PUEBLA,2026-09-08 00:37:17
3051,CINCEL PLANA 1/2 X 12,2.0,120.0,0.0,PUEBLA,2026-09-08 00:37:17
3053,CINCEL PLANA 1/4 X 15,1.0,120.0,0.0,LION TOOLS,2026-09-08 00:37:17
3054,CINCEL PLANA 2 1/2 X 13 1/2,3.0,193.0,0.0,Herramientas (Eliminado 23/07/2024),2026-09-08 00:37:17
197,Cincel Plano,0.0,140.0,0.0,Herramientas (Eliminado 23/07/2024),2026-09-08 00:37:17
3052,CINCEL PLANO 1 X 10,0.0,75.0,0.0,Herramientas (Eliminado 23/07/2024),2026-09-08 00:37:17
3050,CINCEL PLANO 3/4 X 6,2.0,40.0,0.0,Herramientas (Eliminado 23/07/2024),2026-09-08 00:37:17
3165140460385,CINCEL PLANO BOSCH,2.0,600.0,0.0,Herramientas (Eliminado 23/07/2024),2026-09-08 00:37:17
3151,CINCEL PUNTA AZULEJO,1.0,650.0,0.0,Herramientas (Eliminado 23/07/2024),2026-09-08 00:37:17
3165140533621,CINCEL PUNTA BOSCH,2.0,600.0,0.0,Herramientas (Eliminado 23/07/2024),2026-09-08 00:37:17
3055,CINCEL PUNTAL 14,4.0,120.0,0.0,Herramientas (Eliminado 23/07/2024),2026-09-08 00:37:17
8068,CINCHO 2.5MMX10CM,4.0,15.0,0.0,LION TOOLS,2026-09-08 00:37:17
1390,CINCHO 2.5MMX10CM,3.0,15.0,0.0,LION TOOLS,2026-09-08 00:37:17
8070,CINCHO 4.8MMX20CM,2.0,45.0,0.0,LION TOOLS,2026-09-08 00:37:17
1392,CINCHO 4.8MMX20CM,1.0,45.0,0.0,LION TOOLS,2026-09-08 00:37:17
8071,CINCHO BLANCO,3.0,70.0,0.0,hogar (Eliminado 23/07/2024),2026-09-08 00:37:17
8069,CINCHO BLANCO,1.0,25.0,0.0,LION TOOLS,2026-09-08 00:37:17
8067,CINCHO BLANCO,3.0,90.0,0.0,LION TOOLS,2026-09-08 00:37:17
1391,CINCHO NEGRA,2.0,25.0,0.0,LION TOOLS,2026-09-08 00:37:17
1394,CINCHO NEGRO,2.0,120.0,0.0,LION TOOLS,2026-09-08 00:37:17
1393,CINCHO NEGRO,0.0,70.0,0.0,hogar (Eliminado 23/07/2024),2026-09-08 00:37:17
2260,CINSTA AISLAR AMARILLA,5.0,15.0,10.0,LION TOOLS,2026-09-08 00:37:17
7719,CINTA AISLAR,0.0,20.0,0.0,LION TOOLS,2026-09-08 00:37:17
CINTA AISLAR FULGORE,Cinta Aislar Fulgore Amarilla,1.0,12.0,0.0,Herramientas (Eliminado 23/07/2024),2026-09-08 00:37:17
8303175662144,Cinta Aislar Goodwill Chica,0.0,10.0,8.0,PUEBLA,2026-09-08 00:37:17
2265,"CINTA ANTIDERRAPANTE 2 50,8MMX5MM",0.0,50.0,40.0,LION TOOLS,2026-09-08 00:37:17
7501206651292,CINTA ANTIDERRAPANTE TRUPER,2.0,215.0,0.0,TRUPER,2026-09-08 00:37:17
7506240644255,CINTA ANTIDERRAPANTE TRUPER CHICO,1.0,190.0,0.0,TRUPER,2026-09-08 00:37:17
7734,Cinta Canela 48mm X 150m,0.0,60.0,50.0,hogar (Eliminado 23/07/2024),2026-09-08 00:37:17
7738,Cinta Canela 48mmx150m,2.0,50.0,35.0,Herramientas (Eliminado 23/07/2024),2026-09-08 00:37:17
7733,Cinta Canela 48mmx50m,5.0,25.0,10.0,LION TOOLS,2026-09-17 16:25:30
7736,Cinta Cristalina 48mmx150m,6.0,50.0,35.0,LION TOOLS,2026-09-08 17:15:55
6927780811050,Cinta De Aislar 18mmx15m,0.0,15.0,10.0,PUEBLA,2026-09-08 00:37:17
2261,Cinta De Aislar Azul,17.0,15.0,10.0,LION TOOLS,2026-09-08 00:37:17
2262,Cinta De Aislar Blanca,7.0,15.0,8.0,LION TOOLS,2026-09-08 00:37:17
CINTA AISLAR SUMAR,Cinta De Aislar Chica SUMAR NIAC,8.0,10.0,6.0,Herramientas (Eliminado 23/07/2024),2026-09-11 21:10:24
CINTA ASILAR FULGORE,Cinta De Aislar Fulgore,1.0,12.0,0.0,Herramientas (Eliminado 23/07/2024),2026-09-08 00:37:17
8303175661765,Cinta De Aislar Goodwill,4.0,15.0,10.0,PUEBLA,2026-09-16 01:29:56
RO-08,CINTA DE AISLAR GRANDE NEGRO RINO,0.0,15.0,10.0,PUEBLA,2026-09-08 00:37:17
2263,Cinta De Aislar Roja,7.0,15.0,12.0,Herramientas (Eliminado 23/07/2024),2026-09-08 00:37:17
2264,Cinta De Aislar Verde,11.0,15.0,10.0,LION TOOLS,2026-09-08 00:37:17
2880,CINTA DE MONTAJE DOBLE CARA,1.0,55.0,0.0,LION TOOLS,2026-09-08 00:37:17
2266,Cinta De Señalizacion 48mmx18m,1.0,60.0,0.0,Herramientas (Eliminado 23/07/2024),2026-09-08 00:37:17
7722,CINTA GRIS MULTIUSOS 48MM X 50M,0.0,120.0,100.0,LION TOOLS,2026-09-08 00:37:17
7721,Cinta Gris Multiusos 48mmx10m,6.0,35.0,20.0,LION TOOLS,2026-09-08 00:37:17
RO-09,CINTA HISLAR CHICA,15.0,10.0,0.0,ASGA,2026-09-08 00:37:17
2267,Cinta Masking 12mmx50m,1.0,20.0,10.0,LION TOOLS,2026-09-08 00:37:17
2268,Cinta Masking 18mmx50,3.0,25.0,15.0,LION TOOLS,2026-09-08 00:37:17
2269,Cinta Masking 24mmx50m,0.0,35.0,20.0,LION TOOLS,2026-09-10 00:18:58
2270,Cinta Masking 36mmx50,2.0,50.0,35.0,LION TOOLS,2026-09-08 00:37:17
2271,Cinta Masking 48mmx50m,1.0,60.0,45.0,LION TOOLS,2026-09-08 00:37:17
3102,CINTA METRICA 20M,0.0,170.0,0.0,LION TOOLS,2026-09-08 00:37:17
3103,CINTA METRICA 30,1.0,200.0,0.0,LION TOOLS,2026-09-08 00:37:17
224,Cinta Metrica 8m Liontools,2.0,110.0,80.0,LION TOOLS,2026-09-08 00:37:17
3105,CINTA METRICA DE 100M,0.0,400.0,0.0,mascotas (Eliminado 23/07/2024),2026-09-08 00:37:17
3104,CINTA METRICA DE 50M,0.0,280.0,0.0,LION TOOLS,2026-09-08 00:37:17
CPL5,CINTA PARA LLAVE CHICA,5.0,15.0,0.0,Herramientas (Eliminado 23/07/2024),2026-09-08 00:37:17
757,Cinta Peligro 300 M De Largo,0.0,195.0,180.0,LION TOOLS,2026-09-08 00:37:17
7506198185114,Cinta Preventiva Precaucio,0.0,90.0,0.0,Herramientas (Eliminado 23/07/2024),2026-09-08 00:37:17
7506198104160,Cinta Preventiva Precaucion 300m,0.0,195.0,0.0,Herramientas (Eliminado 23/07/2024),2026-09-08 00:37:17
755,Cinta Teflon 3/4,0.0,10.0,0.0,conexiones para gas (Eliminado 23/07/2024),2026-09-08 00:37:17
CINTA TEFLON,Cinta Teflon Amarilla,0.0,10.0,0.0,Herramientas (Eliminado 23/07/2024),2026-09-08 00:37:17
791279001309,CINTA TEFLON IUSA,0.0,10.0,0.0,hogar (Eliminado 23/07/2024),2026-09-08 00:37:17
7503175300263,Cinta Teflon Latintul,20.0,10.0,7.0,conexiones para gas (Eliminado 23/07/2024),2026-09-08 00:37:17
754,Cinta Teflon Lion Tools,2.0,8.0,4.0,LION TOOLS,2026-09-08 00:37:17
7735,Cinta Transparente 48mm x 40m,9.0,25.0,20.0,LION TOOLS,2026-09-09 21:23:12
7732,CINTA TRANSPARENTE 48MMX150M,8.0,75.0,60.0,LION TOOLS,2026-09-08 00:37:17
7731,Cinta Transparente 48mmx50m,0.0,25.0,15.0,LION TOOLS,2026-09-08 00:37:17
MOD 103,CLAVIJA CON CONTACTO,23.0,25.0,0.0,hogar (Eliminado 23/07/2024),2026-09-08 00:37:17
92-9388,CLAVIJA GRIS/AMARILLO DE 2 PUNTAS,1.0,30.0,0.0,hogar (Eliminado 23/07/2024),2026-09-08 00:37:17
CL473,CLAVIJA INDUSTRIAL NEGRO C/ AMARILLO DE 3 PUNTAS,0.0,40.0,0.0,Herramientas (Eliminado 23/07/2024),2026-09-08 00:37:17
325,CLAVIJA METALICA DE 3 PUNTAS,9.0,30.0,0.0,HUAJUAPAN,2026-09-08 00:37:17
838,Clavija Ovalada Negra,8.0,10.0,8.0,LION TOOLS,2026-09-08 00:37:17
123,Clavija Reforzada De Dos Puntas,3.0,25.0,18.0,Herramientas (Eliminado 23/07/2024),2026-09-08 00:37:17
188,CLAVIJA SENCILLA,32.0,8.0,5.0,casa,2026-09-11 21:54:08
44816,CLAVO,262.0,1.0,0.0,FERREPAT,2026-09-08 00:37:17
44817,CLAVO,186.0,1.5,0.0,FERREPAT,2026-09-08 00:37:17
45026,CLAVO  JUMBO,44.0,3.0,0.0,FERREPAT,2026-09-08 00:37:17
7506240611752,CLAVO 1 1/2 X 13.5 POR KILO,1.0,100.0,0.0,Herramientas (Eliminado 23/07/2024),2026-09-08 00:37:17
7506240611745,CLAVO 1 1/4 X 14.5 POR KILO,1.0,100.0,0.0,Herramientas (Eliminado 23/07/2024),2026-09-08 00:37:17
7506240611738,CLAVO 1 X 14.5 POR KILO,1.0,100.0,0.0,Herramientas (Eliminado 23/07/2024),2026-09-08 00:37:17
7506240610182,CLAVO 10.5X2 1/2 POR KILO,0.0,65.0,0.0,Herramientas (Eliminado 23/07/2024),2026-09-08 00:37:17
7506240610175,CLAVO 12X2,1.0,65.0,0.0,Herramientas (Eliminado 23/07/2024),2026-09-08 00:37:17
7506240610205,CLAVO 3 1/2X8,63.0,2.5,1.0,TRUPER,2026-09-08 00:37:17
7506240610199,CLAVO 3X9.5,226.0,1.5,0.0,Herramientas (Eliminado 23/07/2024),2026-09-08 00:37:17
7506240610212,CLAVO 4X6.5,0.0,3.0,0.0,Herramientas (Eliminado 23/07/2024),2026-09-08 00:37:17
7506240610229,CLAVO 5X5.5,51.0,4.0,2.0,Herramientas (Eliminado 23/07/2024),2026-09-08 00:37:17
44813,Clavo Chico,680.0,0.25,0.25,FERREPAT,2026-09-08 00:37:17
4430,CLAVO CONCRETO 2 PULGADAS,65.0,3.0,0.0,FERREPAT,2026-09-08 00:37:17
4431,CLAVO D/CONCRETO NEGRO 2.5 PLGD,237.0,3.5,0.0,FERREPAT,2026-09-08 00:37:17
4428,CLAVO DE CONCRETO  3 Plgd PLATA,23.0,6.0,0.0,FERREPAT,2026-09-08 00:37:17
4425,CLAVO DE CONCRETO 1pulgd PLATA,0.0,0.5,0.0,FERREPAT,2026-09-08 00:37:17
4427,CLAVO DE CONCRETO 2 1/2 Pulgd,215.0,3.5,0.0,FERREPAT,2026-09-08 00:37:17
4426,CLAVO DE CONCRETO 2 Pulgd PLATA,3.0,2.5,0.0,FERREPAT,2026-09-08 00:37:17
4429,CLAVO DE CONCRETO 3 Plgd Negro,99.0,6.0,0.0,FERREPAT,2026-09-08 00:37:17
45023,CLAVO GRUESO,199.0,2.0,0.0,FERREPAT,2026-09-08 00:37:17
45024,CLAVO GRUESO,0.5,2.5,0.0,FERREPAT,2026-09-08 00:37:17
44814,Clavo Mediano,477.0,0.33,0.0,FERREPAT,2026-09-08 00:37:17
44815,CLAVO PARA MADERA,348.0,0.5,0.0,FERREPAT,2026-09-08 00:37:17
M-700,CODIFICADOR,1.0,500.0,0.0,- Sin Departamento - (Eliminado 13/07/2025),2026-09-08 00:37:17
6927780513022,COLADERA PAQUETE DE 4PZ,0.0,35.0,0.0,hogar (Eliminado 23/07/2024),2026-09-08 00:37:17
7506325101062,COLADERA ZERO OLORES,0.0,95.0,75.0,lampara (Eliminado 23/07/2024),2026-09-08 00:37:17
COLADOR 4,COLADOR PARA ALBAÑIL 4,1.0,110.0,100.0,PUEBLA,2026-09-08 00:37:17
COLADOR 6,COLADOR PARA ALBAÑIL 6},1.0,110.0,100.0,PUEBLA,2026-09-08 00:37:17
CPB50,Collar Bordado 50cm,1.0,85.0,0.0,mascotas (Eliminado 23/07/2024),2026-09-08 00:37:17
CPBPF49,Collar Bordado De Piel Y Forro 49cm,0.0,95.0,0.0,mascotas (Eliminado 23/07/2024),2026-09-08 00:37:17
CPAF37,Collar C/Adornos Forro 65cm,2.0,65.0,0.0,mascotas (Eliminado 23/07/2024),2026-09-08 00:37:17
CDDT40,Collar C/Diamantitos Deble Tela 40cm,0.0,65.0,0.0,mascotas (Eliminado 23/07/2024),2026-09-08 00:37:17
CCCC23,Collar Cachorro Completo Colores,2.0,40.0,0.0,mascotas (Eliminado 23/07/2024),2026-09-08 00:37:17
CCME22,Collar Cachorro Estampado,3.0,30.0,0.0,mascotas (Eliminado 23/07/2024),2026-09-08 00:37:17
CPCC22,Collar Cachorro Estampado,19.0,40.0,0.0,mascotas (Eliminado 23/07/2024),2026-09-08 00:37:17
CPCT23,Collar Cachorro Tela,3.0,60.0,0.0,mascotas (Eliminado 23/07/2024),2026-09-08 00:37:17
CCLF46,COLLAR COLORES LISO FORRO 46CM,3.0,75.0,0.0,mascotas (Eliminado 23/07/2024),2026-09-08 00:37:17
COMT38,COLLAR COMBINADO TELA 38CM,7.0,55.0,0.0,mascotas (Eliminado 23/07/2024),2026-09-08 00:37:17
CAF46,COLLAR CON ADORNO Y FORRO 46CM,0.0,80.0,0.0,mascotas (Eliminado 23/07/2024),2026-09-08 00:37:17
CCC01,COLLAR DE CINATA OARA CACHORRO,7.0,20.0,0.0,mascotas (Eliminado 23/07/2024),2026-09-08 00:37:17
CPEG70,Collar De Perro Estampado Tela Grueso 70x3.5cm,2.0,110.0,0.0,mascotas (Eliminado 23/07/2024),2026-09-08 00:37:17
CDTA40,Collar Doble Tela C/Adorno 40cm,9.0,65.0,0.0,mascotas (Eliminado 23/07/2024),2026-09-08 00:37:17
CPA48,COLLAR DOBLE TELA CON ADORNO 48CM,6.0,85.0,0.0,mascotas (Eliminado 23/07/2024),2026-09-08 00:37:17
CPDS73,Collar Dobletela suela Hule 73 X 5 Cm,1.0,120.0,0.0,mascotas (Eliminado 23/07/2024),2026-09-08 00:37:17
CEC37,Collar Estampado C/Cascabel 37cm,1.0,40.0,0.0,mascotas (Eliminado 23/07/2024),2026-09-08 00:37:17
CPEPF68,Collar Estampado D/Piel C/Forro 68cm,1.0,145.0,0.0,mascotas (Eliminado 23/07/2024),2026-09-08 00:37:17
CEDT47,COLLAR ESTAMPADO DOBLE TELA 47CM,5.0,90.0,0.0,mascotas (Eliminado 23/07/2024),2026-09-08 00:37:17
CEGD40,Collar Estampado Grueso Doble 40cm,0.0,65.0,0.0,mascotas (Eliminado 23/07/2024),2026-09-08 00:37:17
CEUC40,Collar Estampado Una Capa 40cm,3.0,55.0,0.0,mascotas (Eliminado 23/07/2024),2026-09-08 00:37:17
CETU36,COLLAR ESTAMPADO UNA TELA 36CM CH,7.0,60.0,0.0,mascotas (Eliminado 23/07/2024),2026-09-08 00:37:17
CLCM22,Collar Liso Cachorro,3.0,25.0,0.0,PECHERAS,2026-09-08 00:37:17
CPLC35,Collar Liso Colores 35cm,0.0,45.0,0.0,mascotas (Eliminado 23/07/2024),2026-09-08 00:37:17
CPLC54,Collar Liso De Colores 45cm,0.0,75.0,0.0,mascotas (Eliminado 23/07/2024),2026-09-08 00:37:17
CMF40,Collar Militar C/Forro 40cm,5.0,75.0,0.0,mascotas (Eliminado 23/07/2024),2026-09-08 00:37:17
CMF51,COLLAR MILITAR CON FORRO 51CM,0.0,80.0,0.0,mascotas (Eliminado 23/07/2024),2026-09-08 00:37:17
CPLC53,Collar P/Perro Liso Colores,1.0,115.0,0.0,mascotas (Eliminado 23/07/2024),2026-09-08 00:37:17
CCME23,Collar Para Cachorro Estam Mod.2,3.0,30.0,0.0,mascotas (Eliminado 23/07/2024),2026-09-08 00:37:17
CCRG5,Collar Para Cachorro Rayado Grueso,0.0,35.0,0.0,mascotas (Eliminado 23/07/2024),2026-09-08 00:37:17
CPPCH2,Collar Para Pero Con Pañuelo Modelo 2,0.0,100.0,0.0,mascotas (Eliminado 23/07/2024),2026-09-08 00:37:17
CP53ETD,Collar Para Perro 53cm Estampado Doble Tela Grueso,1.0,95.0,0.0,mascotas (Eliminado 23/07/2024),2026-09-08 00:37:17
CP55ET,Collar Para Perro 55cm Estampadodoble Tela,2.0,95.0,0.0,mascotas (Eliminado 23/07/2024),2026-09-08 00:37:17
CP57EDF,Collar Para Perro 57cm Estampado Doble Forro,4.0,135.0,0.0,mascotas (Eliminado 23/07/2024),2026-09-08 00:37:17
CP58ET,Collar Para Perro 58cm,7.0,85.0,0.0,mascotas (Eliminado 23/07/2024),2026-09-08 00:37:17
CPB39CH,Collar Para Perro Bordado Doble 39cm Ch,1.0,60.0,0.0,mascotas (Eliminado 23/07/2024),2026-09-08 00:37:17
CPA55,Collar Para Perro Con Adorno 55cm,1.0,95.0,0.0,mascotas (Eliminado 23/07/2024),2026-09-08 00:37:17
CPD49,Collar Para Perro Con Diamantito,4.0,75.0,0.0,mascotas (Eliminado 23/07/2024),2026-09-08 00:37:17
CPPCH37,COLLAR PARA PERRO CON PAÑUELO 37CM,3.0,90.0,0.0,PECHERAS,2026-09-08 00:37:17
CPPM,Collar Para Perro Con Pañuelo M,3.0,120.0,0.0,mascotas (Eliminado 23/07/2024),2026-09-08 00:37:17
CCP26,Collar Para Perro De Piel 26cm,0.0,45.0,0.0,mascotas (Eliminado 23/07/2024),2026-09-08 00:37:17
CPPCHS22,Collar Para Perro De Piel Ch Sencillo,2.0,30.0,0.0,PECHERAS,2026-09-08 00:37:17
CPP11,Collar Para Perro De Piel Chico,1.0,75.0,0.0,mascotas (Eliminado 23/07/2024),2026-09-08 00:37:17
CPPF40,COLLAR PARA PERRO DE PIEL CON FORRO 40CM,5.0,65.0,0.0,PECHERAS,2026-09-08 00:37:17
CPT57,Collar Para Perro De Tela 57cm,0.0,70.0,0.0,mascotas (Eliminado 23/07/2024),2026-09-08 00:37:17
CPTUC36,COLLAR PARA PERRO DE TELA CON CASCABEL 36CM,7.0,60.0,0.0,mascotas (Eliminado 23/07/2024),2026-09-08 00:37:17
CPTE36,COLLAR PARA PERRO DE TELA ESTAMPADO 36CM,6.0,40.0,0.0,mascotas (Eliminado 23/07/2024),2026-09-08 00:37:17
CPTCN61,Collar Para Perro De Tela Liso Colores 61cmX3cm,0.0,120.0,100.0,mascotas (Eliminado 23/07/2024),2026-09-08 00:37:17
CPDE11,Collar Para Perro Doble Estampado,0.0,45.0,0.0,PECHERAS,2026-09-08 00:37:17
CPDOG46,COLLAR PARA PERRO DOG 46CM ESTAMPADO,2.0,75.0,0.0,mascotas (Eliminado 23/07/2024),2026-09-08 00:37:17
CPDOG48,Collar Para Perro Dog 48cm,0.0,60.0,0.0,mascotas (Eliminado 23/07/2024),2026-09-08 00:37:17
CPE1,Collar Para Perro Estampado 35cm,9.0,45.0,0.0,PECHERAS,2026-09-08 00:37:17
CPE47TD,Collar Para Perro Estampado 47cm Tela Doble,4.0,65.0,0.0,mascotas (Eliminado 23/07/2024),2026-09-08 00:37:17
CEDT40,COLLAR PARA PERRO ESTAMPADO DOBLE TELA 40CM,1.0,65.0,0.0,mascotas (Eliminado 23/07/2024),2026-09-08 00:37:17
CEDT49,COLLAR PARA PERRO ESTAMPADO DOBLE TELA 49CM,3.0,75.0,0.0,mascotas (Eliminado 23/07/2024),2026-09-08 00:37:17
CPED59,Collar Para Perro Estampado Doble Tela 59cm,0.0,95.0,0.0,mascotas (Eliminado 23/07/2024),2026-09-08 00:37:17
CPDOC22,Collar Para Perro Estampado Doc Colores,18.0,55.0,0.0,mascotas (Eliminado 23/07/2024),2026-09-08 00:37:17
CPEG50,Collar Para Perro estampado Grueso 50cm,2.0,75.0,0.0,mascotas (Eliminado 23/07/2024),2026-09-08 00:37:17
CPEG60,Collar Para Perro Estampado Grueso 60 Cm,0.0,90.0,0.0,mascotas (Eliminado 23/07/2024),2026-09-08 00:37:17
CPET49,Collar Para Perro Estampado Tela 49cm Una Capa,6.0,65.0,0.0,mascotas (Eliminado 23/07/2024),2026-09-08 00:37:17
CPTG70,Collar Para Perro Tela Grueso 70cmX4cm,1.0,120.0,100.0,mascotas (Eliminado 23/07/2024),2026-09-08 00:37:17
CPP22,Collar Para Piel Ch,7.0,45.0,0.0,mascotas (Eliminado 23/07/2024),2026-09-08 00:37:17
CPCBE33,Collar Perro Broche Estampado,2.0,100.0,0.0,mascotas (Eliminado 23/07/2024),2026-09-08 00:37:17
CPAP64,Collar Perro C/Adornos Y Picos 64 X 4.5 Cm,0.0,200.0,0.0,mascotas (Eliminado 23/07/2024),2026-09-08 00:37:17
CPD57,Collar Perro C/Diamantitos 57 X 3 Cm,1.0,90.0,0.0,mascotas (Eliminado 23/07/2024),2026-09-08 00:37:17
CPCA70,Collar Perro Camuflajeado aterciopelado 70x3.5,1.0,110.0,0.0,mascotas (Eliminado 23/07/2024),2026-09-08 00:37:17
CPCA60,Collar Perro Camuflajeado C/Aterciopelado 60x30cm,1.0,90.0,0.0,mascotas (Eliminado 23/07/2024),2026-09-08 00:37:17
CPCB59,Collar Perro Cuero Bordado 59 X 3 Cm,0.0,125.0,0.0,mascotas (Eliminado 23/07/2024),2026-09-08 00:37:17
CPCD54,Collar Perro Cuero C/Detalles 54 X 2.5 Cm,2.0,100.0,0.0,mascotas (Eliminado 23/07/2024),2026-09-08 00:37:17
CPCS72,Collar Perro Cuero Sencillo 71.5 X 3 Cm,0.0,55.0,0.0,mascotas (Eliminado 23/07/2024),2026-09-08 00:37:17
CPCA57,Collar Perro De Cuero C/Aterciopelado 57 X 3 Cm,3.0,95.0,0.0,mascotas (Eliminado 23/07/2024),2026-09-08 00:37:17
CPDT40,Collar Perro Doble Tela Estampado 40cm,10.0,65.0,0.0,PECHERAS,2026-09-08 00:37:17
CPDDT55,Collar Perro Dobletela 55 X 3 Cm,2.0,85.0,0.0,mascotas (Eliminado 23/07/2024),2026-09-08 00:37:17
CPDT56,Collar Perro Dobletela 56 X 3 Cm,1.0,90.0,0.0,mascotas (Eliminado 23/07/2024),2026-09-08 00:37:17
CPDT55,Collar Perro Dobletela Bordado 55 X 3 Cm,2.0,110.0,0.0,mascotas (Eliminado 23/07/2024),2026-09-08 00:37:17
CPDT63,Collar Perro Dobletela C/Bordado 63 X 4 Cm,0.0,120.0,0.0,mascotas (Eliminado 23/07/2024),2026-09-08 00:37:17
CPDTA62,Collar Perro Dobletela62 X 4 Cm,0.0,145.0,0.0,mascotas (Eliminado 23/07/2024),2026-09-08 00:37:17
CPTG60,COLLAR PERRO GRUESO 60 x 4cm,0.0,110.0,0.0,mascotas (Eliminado 23/07/2024),2026-09-08 00:37:17
CPLT64,Collar Perro Liso Colores 64 X 4.5 Cm,1.0,80.0,0.0,mascotas (Eliminado 23/07/2024),2026-09-08 00:37:17
CPP48,Collar Pára Pero De Piel 48cm,1.0,80.0,0.0,mascotas (Eliminado 23/07/2024),2026-09-08 00:37:17
CCRG38,COLLAR TELA RALLADO 38CM,2.0,65.0,0.0,mascotas (Eliminado 23/07/2024),2026-09-08 00:37:17
7501130510047,Colorante Con Fijador Azul Marino,9.0,25.0,20.0,casa,2026-09-08 00:37:17
7501130510016,Colorante Negro,5.0,25.0,20.0,casa,2026-09-08 00:37:17
COMAL2,Comal Azul #2,0.0,2650.0,2550.0,PUEBLA,2026-09-08 00:37:17
COMAL3,Comal Azul #3,1.0,3200.0,3000.0,PUEBLA,2026-09-08 00:37:17
COMAL4,Comal Azul #4,1.0,3650.0,3500.0,PUEBLA,2026-09-08 00:37:17
COMAL1,Comal Azul 1,0.0,2150.0,2050.0,- Sin Departamento - (Eliminado 13/07/2025),2026-09-08 00:37:17
C.U,COMAL CUADRADO,1.0,160.0,120.0,bvh,2026-09-08 00:37:17
C60,COMAL DE 60CM,2.0,650.0,0.0,PUEBLA,2026-09-08 00:37:17
COMAL DE PLACA N1,Comal De Doble Placa N1,4.0,100.0,0.0,bvh,2026-09-08 00:37:17
PLACA N2,Comal De Doble Placa N2,0.0,150.0,0.0,bvh,2026-09-08 00:37:17
PLACA N6,Comal De Doble Placa N6,3.0,500.0,0.0,PUEBLA,2026-09-08 00:37:17
PLACA N1.5,Comal De Placa N 1.5,1.0,120.0,0.0,PUEBLA,2026-09-08 00:37:17
N1,Comal Del N 1 Liso,1.0,25.0,0.0,PUEBLA,2026-09-08 00:37:17
N2,Comal Del N2 Liso,6.0,30.0,0.0,PUEBLA,2026-09-08 00:37:17
N3,Comal Del N3 Liso,10.0,40.0,0.0,PUEBLA,2026-09-08 00:37:17
N4,Comal Del N4 Liso,8.0,60.0,0.0,PUEBLA,2026-09-08 00:37:17
N5,Comal Del N5 Liso,0.0,80.0,0.0,casa,2026-09-08 00:37:17
PLACA N5,Comal Doble Placa De N5,7.0,350.0,0.0,ASGA,2026-09-15 22:37:41
PLACA N4,Comal Doble Placa Del N4,5.0,250.0,0.0,PUEBLA,2026-09-08 00:37:17
PLACA N3,Comal Doble Placa N3,1.0,200.0,0.0,PUEBLA,2026-09-08 00:37:17
C.O.,COMAL OVALADO GRANDE,1.0,300.0,220.0,bvh,2026-09-08 00:37:17
C.O,COMAL OVALADO PEQUEÑO,0.0,160.0,120.0,bvh,2026-09-08 00:37:17
COMAL PLACA 65,COMAL PLACA #65,2.0,700.0,0.0,PUEBLA,2026-09-08 00:37:17
COMAL PLACA 70,COMAL PLACA #70,1.0,750.0,0.0,PUEBLA,2026-09-08 00:37:17
COMAL PLACA 55,COMAL PLACA 7,0.0,600.0,0.0,PUEBLA,2026-09-08 00:37:17
7503030727174,COMBO CARGADOR TIPO C 2.0A 1HORA,0.0,95.0,60.0,PUEBLA,2026-09-08 00:37:17
7503028615643,COMBO CARGADOR V8 1M 2.4A 1HORA,2.0,85.0,85.0,hogar (Eliminado 23/07/2024),2026-09-08 00:37:17
7501206652411,Conector Macho Plastico Para Manguera 1/2 Truper,6.0,25.0,20.0,Herramientas (Eliminado 23/07/2024),2026-09-08 00:37:17
7502239098641,CONECTOR PARA MANGUERA HMBRA X PIEZA,13.0,30.0,0.0,LION TOOLS,2026-09-08 00:37:17
7501206652428,CONECTOR PLASTICO TRUPER 1/2,7.0,50.0,0.0,TRUPER,2026-09-08 00:37:17
1893,CONECTOR Y DE PLASTICO 3/4 19MM,2.0,30.0,25.0,LION TOOLS,2026-09-08 00:37:17
CMHF12,Conexion  Para Manguera Hembra Fierro,0.0,30.0,0.0,FERREPAT,2026-09-08 00:37:17
CMH13,Conexion Para Man  Guera  Hembra Media Plas.2,4.0,20.0,0.0,DON RAMON,2026-09-08 00:37:17
CMHF22,Conexion Para Manguera Hembra Plas.1/2 Fijo,1.0,15.0,0.0,DON RAMON,2026-09-08 00:37:17
CMMF12,Conexion Para Manguera Macho 1/2 Fierro,3.0,30.0,0.0,DON RAMON,2026-09-08 00:37:17
CMH12,Conexion Pra Manguera Hembra Plas. Movible,25.0,15.0,0.0,DON RAMON,2026-09-08 00:37:17
352,Contacto Cuadrado,3.0,15.0,0.0,PUEBLA,2026-09-08 00:37:17
MOD.102,Contacto De 3 Entradas Samy,1.0,20.0,0.0,PUEBLA,2026-09-08 00:37:17
MOD.104,Contacto De 4 Entradas,22.0,20.0,15.0,PUEBLA,2026-09-08 00:37:17
MOD.103,CONTACTO DE TRES ENTRADAS Y CLAVIJA,8.0,25.0,0.0,PUEBLA,2026-09-11 23:33:48
7501942344502,CONTACTO DOBLE ATERRIZADO CON PLACA,0.0,55.0,0.0,FERREPAT,2026-09-08 00:37:17
7501942344458,Contacto Doble Aterrizado Roma,1.0,55.0,45.0,FERREPAT,2026-09-08 00:37:17
7501942344656,Contacto Doble Aterrizado Verona,0.0,85.0,0.0,FERREPAT,2026-09-08 00:37:17
353,Contacto Huevo,0.0,20.0,0.0,PUEBLA,2026-09-08 00:37:17
CO273,CONTACTO INDUSTRIAL NEGRO C/ AMARILLO,13.0,40.0,0.0,Herramientas (Eliminado 23/07/2024),2026-09-08 00:37:17
7506240626565,CONTACTO PARA FOTOCELDA,2.0,85.0,0.0,Herramientas (Eliminado 23/07/2024),2026-09-08 00:37:17
7506006805418,CONTACTO TOSCANA,0.0,20.0,0.0,FERREPAT,2026-09-08 00:37:17
354,Contacto Triple Reforzado Negro,1.0,30.0,0.0,PUEBLA,2026-09-08 00:37:17
3240,Contracanasta,3.0,130.0,105.0,LION TOOLS,2026-09-08 00:37:17
CONTROL DISH,CONTROL DISH,2.0,95.0,0.0,MEXICO,2026-09-08 00:37:17
CR-16S,CONTROL FOR ATVIO,0.0,95.0,0.0,MEXICO,2026-09-08 00:37:17
CR-43,Control For Atvio,0.0,95.0,0.0,MEXICO,2026-09-08 00:37:17
CR-SAM,CONTROL FOR SAMSUNG,2.0,95.0,0.0,MEXICO,2026-09-08 00:37:17
EN3R39S,CONTROL FOR SHARP,2.0,95.0,0.0,MEXICO,2026-09-08 00:37:17
CONTROL HISENSE,CONTROL HISENSE,2.0,95.0,0.0,MEXICO,2026-09-08 00:37:17
126,CONTROL JVC,3.0,95.0,0.0,MEXICO,2026-09-08 00:37:17
RM-L1162,CONTROL LG,0.0,95.0,0.0,MEXICO,2026-09-08 00:37:17
LG2,CONTROL LG,2.0,120.0,0.0,ASGA,2026-09-08 00:37:17
RM-300,CONTROL MOVER MEXICO,0.0,95.0,0.0,MEXICO,2026-09-08 00:37:17
MAX-Q,CONTROL MOVERMEXICO,0.0,95.0,0.0,ASGA,2026-09-08 00:37:17
N2QAYB000822,CONTROL PANASONIC,4.0,95.0,0.0,MEXICO,2026-09-08 00:37:17
124,CONTROL PANASONIC,4.0,95.0,0.0,MEXICO,2026-09-08 00:37:17
202,CONTROL PIONEER,3.0,95.0,0.0,MEXICO,2026-09-08 00:37:17
RM-40,Control Polaroid,1.0,95.0,0.0,MEXICO,2026-09-08 00:37:17
CR-47,CONTROL RCA,2.0,95.0,0.0,MEXICO,2026-09-08 00:37:17
8447258013765,CONTROL REMOTO PARA LG,1.0,95.0,0.0,MEXICO,2026-09-08 00:37:17
TCL-1,Control Remoto TCL,3.0,95.0,0.0,MEXICO,2026-09-08 00:37:17
6825,Control Remoto Universal 4 En 1,0.0,120.0,0.0,LION TOOLS,2026-09-08 00:37:17
CONTROL ROKU,CONTROL ROKU,1.0,95.0,0.0,MEXICO,2026-09-08 00:37:17
ROKUTV,CONTROL ROKU,1.0,120.0,0.0,ASGA,2026-09-16 20:21:21
AK59-00153A,CONTROL SAMSUNG,0.0,95.0,0.0,MEXICO,2026-09-08 00:37:17
RM-04,CONTROL SAMSUNG,0.0,95.0,0.0,MEXICO,2026-09-08 00:37:17
SAMSUNG2,CONTROL SAMSUNG,2.0,120.0,0.0,ASGA,2026-09-08 00:37:17
CR-49,CONTROL SANSUI,1.0,95.0,0.0,MEXICO,2026-09-08 00:37:17
128,CONTROL SANYO,4.0,95.0,0.0,MEXICO,2026-09-08 00:37:17
CONTROL SIN MARCA,CONTROL SIN MARCA,1.0,95.0,0.0,MEXICO,2026-09-08 00:37:17
125,CONTROL SKY,1.0,95.0,0.0,MEXICO,2026-09-08 00:37:17
127,CONTROL SKY HD,0.0,127.0,0.0,MEXICO,2026-09-08 00:37:17
RM-ADP053,Control Sony,0.0,95.0,0.0,MEXICO,2026-09-08 00:37:17
CONTROL TOSHIBA,CONTROL TOSHIBA,1.0,95.0,0.0,MEXICO,2026-09-08 00:37:17
JVC2,CONTROL TVC,2.0,120.0,0.0,ASGA,2026-09-08 00:37:17
CONTROLUNIVERSAL,CONTROL UNIVERSAL,0.0,130.0,0.0,MEXICO,2026-09-08 00:37:17
UNIVERSAL36,CONTROL UNIVERSAL 36 EN,3.0,150.0,0.0,PUEBLA,2026-09-08 00:37:17
6824,Control Universal 6 En 1,0.0,150.0,0.0,LION TOOLS,2026-09-08 00:37:17
VIOS,CONTROL VIOS,1.0,120.0,0.0,ASGA,2026-09-08 00:37:17
SN230600415,CONVERTIDOR DE SEÑAL,1.0,520.0,500.0,MEXICO,2026-09-08 00:37:17
CBF1-2,COPLE DE BOTELLA 1/2,4.0,25.0,0.0,JARDINERIA (Eliminado 23/07/2024),2026-09-08 00:37:17
SAMY 1/2,Cople De Intercecion De 1/2 X 1/2 Samy,29.0,8.0,6.0,DON RAMON,2026-09-08 00:37:17
SAMY T,Cople De Intercecion T 1/2X1/2X1/2 SAMY,36.0,10.0,6.0,JARDINERIA (Eliminado 23/07/2024),2026-09-08 00:37:17
48552,Cople Insecion 3/8,2.0,12.0,10.0,hogar (Eliminado 23/07/2024),2026-09-08 00:37:17
48553,Cople Insercion De 1/2,0.0,15.0,13.0,hogar (Eliminado 23/07/2024),2026-09-08 00:37:17
40222,COPLE UNION,35.0,5.0,3.0,FERREPAT,2026-09-08 00:37:17
CPO56,Correa C/Pechera En Oferta,0.0,100.0,0.0,mascotas (Eliminado 23/07/2024),2026-09-08 00:37:17
CCOM55,Correa C7collar En Oferta Mediano,6.0,70.0,0.0,mascotas (Eliminado 23/07/2024),2026-09-08 00:37:17
CCO56,Correa Con Collar Oferta,10.0,90.0,0.0,mascotas (Eliminado 23/07/2024),2026-09-08 00:37:17
CPOC55,Correa Con Pechera Con Roorea Cachorro,2.0,70.0,0.0,mascotas (Eliminado 23/07/2024),2026-09-08 00:37:17
CAG11,Correa De Acero Galvanizada Chico,3.0,130.0,0.0,PECHERAS,2026-09-08 00:37:17
CAG23,Correa De Acero Galvanizada Grande,2.0,220.0,0.0,mascotas (Eliminado 23/07/2024),2026-09-08 00:37:17
CAG22,Correa De Acero Galvanizada Mediana,3.0,180.0,0.0,mascotas (Eliminado 23/07/2024),2026-09-08 00:37:17
CP2,Correa De Piel Para Dos,1.0,220.0,0.0,mascotas (Eliminado 23/07/2024),2026-09-08 00:37:17
CPB66,Correa De Polea C/Desenredador,1.0,110.0,0.0,PECHERAS,2026-09-08 00:37:17
CPCH54,Correa De Polea Chica,3.0,120.0,0.0,PECHERAS,2026-09-08 00:37:17
CPG54,Correa De Polea Grande,3.0,180.0,0.0,PECHERAS,2026-09-08 00:37:17
CPM54,Correa De Polea Mediana,2.0,150.0,0.0,PECHERAS,2026-09-08 00:37:17
CSBT44,Correa Sola De Diferentes Tamaños Oferta,2.0,50.0,0.0,mascotas (Eliminado 23/07/2024),2026-09-08 00:37:17
4338,Corta Perno 18,1.0,450.0,350.0,LION TOOLS,2026-09-08 00:37:17
4339,CORTA PERNO N24,0.0,330.0,300.0,LION TOOLS,2026-09-08 00:37:17
6169,Corta Vidrio Profesional,2.0,65.0,0.0,LION TOOLS,2026-09-08 00:37:17
7501206602492,CORTADOR DE VIDRIO,1.0,95.0,0.0,Herramientas (Eliminado 23/07/2024),2026-09-08 00:37:17
CORTAPAPA,CORTAPAPA,1.0,795.0,700.0,PUEBLA,2026-09-08 00:37:17
6288,CORTAPERNO 14,0.0,180.0,0.0,Herramientas (Eliminado 23/07/2024),2026-09-08 00:37:17
2355553204923,CORTAUÑA CHICA MAINCRAFT,6.0,10.0,5.83,casa,2026-09-08 00:37:17
2180,CORTAUÑA CHICO,29.0,12.0,7.08,hogar (Eliminado 23/07/2024),2026-09-08 00:37:17
2355553204947,CORTAUÑA GRANDE MAINCRAFT,0.0,15.0,8.75,hogar (Eliminado 23/07/2024),2026-09-08 00:37:17
CORTAUÑA TRY,CORTAUÑA TRY GRANDE,0.0,30.0,0.0,- Sin Departamento - (Eliminado 13/07/2025),2026-09-08 00:37:17
6936613288327,CORTAUÑAS 0817AB,23.0,25.0,0.0,ASGA,2026-09-08 00:37:17
4710635120047,CORTAUÑAS GRANDE,2.0,25.0,0.0,ASGA,2026-09-08 00:37:17
4710635120016,CORTAUÑAS MEDIANA,5.0,20.0,0.0,ASGA,2026-09-08 00:37:17
6927780733697,Cortauñas Jurem LK-350,15.0,15.0,12.0,MEXICO,2026-09-08 00:37:17
2355553200154,Cortauñas MainCraft M1002,2.0,20.0,11.0,MEXICO,2026-09-08 00:37:17
7510635365304,COTONETE 530PZS,2.0,35.0,30.0,PUEBLA,2026-09-08 00:37:17
7510635362808,COTONETE ALGODON 330,0.0,25.0,17.0,PUEBLA,2026-09-08 00:37:17
4710635030612,Cotonete De Algodon Xtron,0.0,20.0,0.0,PUEBLA,2026-09-08 00:37:17
6520201023164,COTONETE JAFEPA,0.0,20.0,15.0,hogar (Eliminado 23/07/2024),2026-09-08 00:37:17
CATA1T29,COTONETE JHASELIN,0.0,20.0,15.0,hogar (Eliminado 23/07/2024),2026-09-08 00:37:17
7506283704596,Cotonete Konnig Ecological,6.0,30.0,20.0,ASGA,2026-09-08 00:37:17
7502228941651,Cotonete Lille 525,0.0,30.0,0.0,hogar (Eliminado 23/07/2024),2026-09-08 00:37:17
6924010003254,COTONETE325,1.0,20.0,16.0,ASGA,2026-09-08 00:37:17
810026280719,CR1216,5.0,30.0,20.0,hogar (Eliminado 23/07/2024),2026-09-08 00:37:17
6927799682283,CR1216 TIANQIU,6.0,30.0,20.0,hogar (Eliminado 23/07/2024),2026-09-08 00:37:17
7891645003302,Crescent Nicholson Afilar,5.0,95.0,0.0,Herramientas (Eliminado 23/07/2024),2026-09-08 00:37:17
3323,CRUZETA 18,2.0,185.0,0.0,LION TOOLS,2026-09-08 00:37:17
153,CUADRITELA GRANDE,0.0,12.0,0.0,hogar (Eliminado 23/07/2024),2026-09-08 00:37:17
CUABRI2,Cuadritela Grande,0.0,20.0,15.0,PUEBLA,2026-09-08 00:37:17
150,CUADRITELA MEDIANA,0.0,10.0,0.0,hogar (Eliminado 23/07/2024),2026-09-08 00:37:17
280,Cuadro C/Rosca,5.0,20.0,0.0,hogar (Eliminado 23/07/2024),2026-09-08 00:37:17
1234,Cubreboca De Niña,37.0,100.0,70.0,MEXICO,2026-09-08 00:37:17
4455,Cubreboca De Niña Reforzado,0.0,60.0,50.0,MEXICO,2026-09-08 00:37:17
4895225300570,CUBREBOCAS,8.0,85.0,65.0,bvh,2026-09-08 00:37:17
CUBREBOCAS AZUL,Cubrebocas Azul,6.0,40.0,30.0,MEXICO,2026-09-08 00:37:17
MADG0T1,Cubrebocas De Niño,5.0,50.0,0.0,MEXICO,2026-09-08 00:37:17
CAJA CUBREBOCA NEGRO,CUBREBOCAS NEGRO,0.0,40.0,33.33,MEXICO,2026-09-08 00:37:17
CUBREBOCASR,Cubrebocas Reforzado Negro,33.0,60.0,0.0,PUEBLA,2026-09-11 19:27:56
CUBREBOCASSEN,Cubrebocas Sencillo Negro,17.0,50.0,0.0,PUEBLA,2026-09-08 00:37:17
793969020140,CUCARACHISIDA JERINGA,1.0,200.0,0.0,PUEBLA,2026-09-08 00:37:17
1618,CUCHARA ALBAÑIL 9,1.0,70.0,60.0,LION TOOLS,2026-09-08 00:37:17
1612,Cuchara Albañil 10,1.0,45.0,0.0,LION TOOLS,2026-09-08 00:37:17
1613,Cuchara Albañil 11,0.0,55.0,0.0,Herramientas (Eliminado 23/07/2024),2026-09-08 00:37:17
1610,Cuchara Albañil 6,0.0,35.0,0.0,LION TOOLS,2026-09-08 00:37:17
1611,Cuchara Albañil 9,0.0,40.0,0.0,LION TOOLS,2026-09-08 00:37:17
7500372118707,Cuchara Filadelfia 11´´,0.0,220.0,200.0,Herramientas (Eliminado 23/07/2024),2026-09-08 00:37:17
7500372118646,Cuchara Filadelfia Bellota,2.0,200.0,0.0,Herramientas (Eliminado 23/07/2024),2026-09-08 00:37:17
67284,CUCHILLO 6 GOODWILL,0.0,65.0,0.0,hogar (Eliminado 23/07/2024),2026-09-08 00:37:17
2167,CUCHILLO BICOLOR 7,4.0,70.0,0.0,hogar (Eliminado 23/07/2024),2026-09-08 00:37:17
2168,CUCHILLO BICOLOR 8,0.0,85.0,0.0,LION TOOLS,2026-09-08 00:37:17
1210,CUCHILLO CARNICERO 10,0.0,85.0,0.0,hogar (Eliminado 23/07/2024),2026-09-08 00:37:17
1211,CUCHILLO CARNICERO 12,0.0,100.0,0.0,LION TOOLS,2026-09-08 00:37:17
1212,CUCHILLO CARNICERO 14,0.0,120.0,0.0,hogar (Eliminado 23/07/2024),2026-09-08 00:37:17
1209,CUCHILLO CARNICERO PROFESIONAL  8,0.0,85.0,0.0,LION TOOLS,2026-09-08 00:37:17
1086,CUCHILLO CECINERO 14,1.0,190.0,150.0,FERREPAT,2026-09-08 00:37:17
1214,Cuchillo Chef Profecional 10,1.0,130.0,0.0,hogar (Eliminado 23/07/2024),2026-09-08 00:37:17
1215,Cuchillo Chef Profecional 12,0.0,135.0,0.0,LION TOOLS,2026-09-08 00:37:17
1216,Cuchillo Chef Profecional 14,1.0,140.0,0.0,LION TOOLS,2026-09-08 00:37:17
1213,Cuchillo Chef Profecional 8,0.0,110.0,0.0,LION TOOLS,2026-09-08 00:37:17
2166,CUCHILLO COCINA BICOLOR 6,5.0,65.0,0.0,hogar (Eliminado 23/07/2024),2026-09-08 00:37:17
8249,Cuchillo Cocina Recto 3 Remaches 9,0.0,45.0,0.0,hogar (Eliminado 23/07/2024),2026-09-08 00:37:17
165,CUCHILLO COLORES GRANDES,0.0,120.0,0.0,hogar (Eliminado 23/07/2024),2026-09-08 00:37:17
1533,CUCHILLO CURVO VILMA,0.0,65.0,0.0,hogar (Eliminado 23/07/2024),2026-09-08 00:37:17
8248,Cuchillo De Cocina Recto Tres Remaches 8,0.0,45.0,35.0,hogar (Eliminado 23/07/2024),2026-09-08 00:37:17
2120,CUCHILLO DESGUERESO CURVO 5,0.0,65.0,0.0,hogar (Eliminado 23/07/2024),2026-09-08 00:37:17
CFORMEX,Cuchillo Formex 5,0.0,35.0,0.0,- Sin Departamento - (Eliminado 13/07/2025),2026-09-08 00:37:17
CFORMEX6,Cuchillo Formex 6,1.0,55.0,0.0,- Sin Departamento - (Eliminado 13/07/2025),2026-09-08 00:37:17
CFORMEX7,Cuchillo Formex 7,3.0,65.0,0.0,- Sin Departamento - (Eliminado 13/07/2025),2026-09-08 00:37:17
162,CUCHILLO FORMEX NEGRO,1.0,65.0,0.0,hogar (Eliminado 23/07/2024),2026-09-08 00:37:17
163,CUCHILLO FORMEX NEGRO C,0.0,35.0,0.0,hogar (Eliminado 23/07/2024),2026-09-08 00:37:17
GW20,Cuchillo Good Will,0.0,10.0,0.0,- Sin Departamento - (Eliminado 13/07/2025),2026-09-08 00:37:17
8303175672853,CUCHILLO GOODWILL #7,47.0,40.0,0.0,bvh,2026-09-08 00:37:17
7503175697868,CUCHILLO GOODWILL 6,0.0,150.0,0.0,hogar (Eliminado 23/07/2024),2026-09-08 00:37:17
7503175697462,CUCHILLO GOODWILL NO.8,0.0,140.0,0.0,hogar (Eliminado 23/07/2024),2026-09-08 00:37:17
4512,CUCHILLO LEJUMBRES CON SIERRA,3.0,70.0,0.0,hogar (Eliminado 23/07/2024),2026-09-08 00:37:17
6927782601079,CUCHILLO LISO COLORES,65.0,12.5,7.5,PUEBLA,2026-09-08 00:37:17
6927780110900,Cuchillo Liso Mango De Plastico CU-109,0.0,15.0,8.0,casa,2026-09-08 00:37:17
8044,CUCHILLO MADERA LISO 4,0.0,10.0,10.0,LION TOOLS,2026-09-08 00:37:17
2355553205869,CUCHILLO MAINCRAFT NO.9,11.0,95.0,0.0,LION TOOLS,2026-09-08 00:37:17
6927782601253,Cuchillo N8,30.0,35.0,25.0,PUEBLA,2026-09-08 00:37:17
2184,CUCHILLO PANADERO 8,1.0,75.0,0.0,hogar (Eliminado 23/07/2024),2026-09-08 00:37:17
7501206645567,CUCHILLO PARA LINOLEO,1.0,85.0,0.0,Herramientas (Eliminado 23/07/2024),2026-09-08 00:37:17
7501206684825,CUCHILLO PARA LINOLEO DE #7,1.0,70.0,0.0,Herramientas (Eliminado 23/07/2024),2026-09-08 00:37:17
1206,CUCHILLO PROF. CLEAVER,2.0,150.0,110.0,PUEBLA,2026-09-08 00:37:17
2183,Cuchillo Profecional Mondador 4,0.0,35.0,0.0,LION TOOLS,2026-09-08 00:37:17
2198,Cuchillo Profecional Panadero,0.0,85.0,80.0,LION TOOLS,2026-09-08 00:37:17
366,Cuchillo Profecional Puntal 6,0.0,50.0,0.0,LION TOOLS,2026-09-08 00:37:17
CU0367,Cuchillo Profecional Puntal 7,0.0,55.0,0.0,LION TOOLS,2026-09-08 00:37:17
CU0368,Cuchillo Profecional Puntal 8,0.0,65.0,0.0,hogar (Eliminado 23/07/2024),2026-09-08 00:37:17
2119,CUCHILLO PROFESIONAL DESGUESERO RECTO 6,0.0,55.0,0.0,LION TOOLS,2026-09-08 00:37:17
2182,CUCHILLO PROFESIONAL SANTOCU,0.0,75.0,0.0,hogar (Eliminado 23/07/2024),2026-09-08 00:37:17
6927782601062,CUCHILLO SIERRA COLORES,16.0,10.0,9.0,casa,2026-09-08 00:37:17
8043,CUCHILLO STEAK SIERRA,2.0,10.0,0.0,LION TOOLS,2026-09-08 00:37:17
1142,CUCHILLO TAQUERO 6,2.0,130.0,0.0,LION TOOLS,2026-09-08 00:37:17
1207,CUCHILLO TAQUERO 9,0.0,150.0,0.0,LION TOOLS,2026-09-08 00:37:17
166,CUCHILLO TAQUERO MADERA,2.0,160.0,0.0,LION TOOLS,2026-09-08 00:37:17
1208,CUCHILLO TORREON 6,0.0,70.0,0.0,LION TOOLS,2026-09-08 00:37:17
CTMN120,CUCHILLO TRAMONTINA,0.0,120.0,0.0,- Sin Departamento - (Eliminado 13/07/2025),2026-09-08 00:37:17
161,CUCHILLO TRAMONTINA CURVO,0.0,420.0,0.0,hogar (Eliminado 23/07/2024),2026-09-08 00:37:17
7891112008878,Cuchillo Tramontina De Madera N-6,0.0,85.0,0.0,hogar (Eliminado 23/07/2024),2026-09-08 00:37:17
7891112262072,CUCHILLO TRAMONTINA LISO CHICO,0.0,35.0,30.0,casa,2026-09-08 00:37:17
7891112008885,CUCHILLO TRAMONTINA MADERA N-7,0.0,95.0,0.0,casa,2026-09-08 00:37:17
7891112008892,CUCHILLO TRAMONTINA MADERA N-8,0.0,110.0,0.0,hogar (Eliminado 23/07/2024),2026-09-08 00:37:17
7891112008908,CUCHILLO TRAMONTINA NEGRO N-6,3.0,95.0,80.0,casa,2026-09-08 00:37:17
7891112008922,CUCHILLO TRAMONTINA NEGRO N-8,0.0,120.0,0.0,LION TOOLS,2026-09-08 00:37:17
7891112155695,CUCHILLO TRAMONTINA SIERRA CHICO,0.0,35.0,30.0,casa,2026-09-08 00:37:17
164,CUCHILLO Vilma,0.0,130.0,0.0,casa,2026-09-08 00:37:17
1534,CUCHILLO VILMA PESCADOR,0.0,80.0,0.0,casa,2026-09-08 00:37:17
67285,CUCHILLOS 7 GOODWILL,1.0,75.0,0.0,hogar (Eliminado 23/07/2024),2026-09-08 00:37:17
1597891112155695,CUCHILLOS CHICOS TRAMONTINA,1.0,30.0,0.0,hogar (Eliminado 23/07/2024),2026-09-08 00:37:17
7891112008861,CUCHILLOS TRAMONTINA MADERA N-5,0.0,75.0,0.0,casa,2026-09-08 00:37:17
7891112008915,CUCHILLOS TRAMONTINA NEGRO N-7,0.0,130.0,0.0,hogar (Eliminado 23/07/2024),2026-09-08 00:37:17
6345,Cuerda Elastica,8.0,15.0,0.0,LION TOOLS,2026-09-08 00:37:17
5423,Cuerda Elastica 24´,3.0,20.0,0.0,Herramientas (Eliminado 23/07/2024),2026-09-08 00:37:17
5427,CUERDA ELASTICA 36´,0.0,30.0,0.0,LION TOOLS,2026-09-08 00:37:17
5416,CUERDA ELASTICA 48´,5.0,35.0,0.0,LION TOOLS,2026-09-08 00:37:17
3980,CUERDA ELASTICA 64´´,6.0,40.0,0.0,LION TOOLS,2026-09-08 00:37:17
6344,CUERDA ELASTICA´´,6.0,25.0,0.0,LION TOOLS,2026-09-08 00:37:17
411,Cuter De Aluminio 5,0.0,35.0,0.0,Herramientas (Eliminado 23/07/2024),2026-09-08 00:37:17
419,Cuter De Aluminio Retractil 6,0.0,40.0,35.0,Herramientas (Eliminado 23/07/2024),2026-09-08 00:37:17
415,Cuter Profecional 5,0.0,35.0,0.0,Herramientas (Eliminado 23/07/2024),2026-09-08 00:37:17
416,Cuter Profecional 6,0.0,40.0,0.0,Herramientas (Eliminado 23/07/2024),2026-09-08 00:37:17
2355553205333,CUTER SENCILLO,18.0,5.0,3.75,Herramientas (Eliminado 23/07/2024),2026-09-09 21:23:12
417,Cuter Uso Industrial 6,0.0,60.0,55.0,LION TOOLS,2026-09-08 00:37:17
33,DADOS 40 PZS CON MATRACA,0.0,180.0,125.0,LION TOOLS,2026-09-08 00:37:17
32,DADOS CON MATRACA,25.0,499.0,0.0,LION TOOLS,2026-09-08 00:37:17
MOD.67-175,DERMACARE GUANTE,21.0,50.0,0.0,PUEBLA,2026-09-08 00:37:17
2105,Desarmador 4 Puntas Intercambiables,6.0,70.0,45.0,Herramientas (Eliminado 23/07/2024),2026-09-08 00:37:17
2108,DESARMADOR 5 PIEZAS,2.0,110.0,0.0,LION TOOLS,2026-09-08 00:37:17
1064,DESARMADOR CRUZ,1.0,15.0,0.0,LION TOOLS,2026-09-11 23:26:19
1065,DESARMADOR CRUZ,4.0,17.0,0.0,LION TOOLS,2026-09-08 00:37:17
1066,DESARMADOR CRUZ,20.0,20.0,0.0,LION TOOLS,2026-09-08 00:37:17
1067,DESARMADOR CRUZ,6.0,20.0,0.0,LION TOOLS,2026-09-14 18:52:29
1068,DESARMADOR CRUZ,19.0,20.0,0.0,LION TOOLS,2026-09-08 00:37:17
1069,DESARMADOR CRUZ,19.0,25.0,0.0,LION TOOLS,2026-09-08 00:37:17
191,DESARMADOR DE CRUZ,0.0,30.0,0.0,Herramientas (Eliminado 23/07/2024),2026-09-08 00:37:17
919,DESARMADOR DE GOLPE,1.0,140.0,0.0,LION TOOLS,2026-09-08 00:37:17
2096,DESARMADOR DE PRESION,2.0,110.0,0.0,hogar (Eliminado 23/07/2024),2026-09-08 00:37:17
2106,DESARMADOR DE PRESION,1.0,95.0,0.0,Herramientas (Eliminado 23/07/2024),2026-09-08 00:37:17
1056,DESARMADOR PLANO,3.0,15.0,0.0,LION TOOLS,2026-09-08 00:37:17
1057,DESARMADOR PLANO,6.0,15.0,0.0,LION TOOLS,2026-09-08 00:37:17
1058,DESARMADOR PLANO,9.0,15.0,0.0,LION TOOLS,2026-09-08 00:37:17
1059,DESARMADOR PLANO,3.0,15.0,0.0,LION TOOLS,2026-09-08 00:37:17
1060,DESARMADOR PLANO,4.0,20.0,0.0,LION TOOLS,2026-09-08 00:37:17
1061,DESARMADOR PLANO,4.0,20.0,0.0,LION TOOLS,2026-09-08 00:37:17
1062,DESARMADOR PLANO,3.0,20.0,0.0,LION TOOLS,2026-09-08 00:37:17
1063,DESARMADOR PLANO,0.0,20.0,0.0,LION TOOLS,2026-09-08 00:37:17
192,DESARMADOR PLANO,0.0,20.0,0.0,Herramientas (Eliminado 23/07/2024),2026-09-08 00:37:17
7501206623572,DESARMADOR PLANO TRUPER,0.0,75.0,0.0,Herramientas (Eliminado 23/07/2024),2026-09-08 00:37:17
861,DESARMADOR RELOJERO 6PZS,3.0,30.0,0.0,LION TOOLS,2026-09-08 00:37:17
3686,DESARMADOR T 22PZS,0.0,85.0,0.0,Herramientas (Eliminado 23/07/2024),2026-09-08 00:37:17
205,DESTAPADOR,7.0,10.0,7.0,HUAJUAPAN,2026-09-08 00:37:17
8227,DESTORCEDOR,19.0,15.0,0.0,Herramientas (Eliminado 23/07/2024),2026-09-08 00:37:17
392,Destorcedor 1,7.0,10.0,0.0,bvh,2026-09-08 00:37:17
8229,DESTORCEDOR 1/4,5.0,25.0,0.0,Herramientas (Eliminado 23/07/2024),2026-09-08 00:37:17
8226,DESTORCEDOR 1/8,17.0,8.0,0.0,Herramientas (Eliminado 23/07/2024),2026-09-08 00:37:17
394,Destorcedor 2,1.0,20.0,0.0,bvh,2026-09-08 00:37:17
395,Destorcedor 3,0.0,30.0,0.0,bvh,2026-09-08 00:37:17
8228,DESTORCEDOR 3/16,5.0,20.0,0.0,MEXICO,2026-09-08 00:37:17
396,Destorcedor 4,7.0,40.0,0.0,Herramientas (Eliminado 23/07/2024),2026-09-08 00:37:17
397,Destorcedor 5,6.0,50.0,0.0,bvh,2026-09-08 00:37:17
8230,Destorcedor 5/16,27.0,30.0,0.0,Herramientas (Eliminado 23/07/2024),2026-09-08 00:37:17
393,Destorcedor 6,2.0,45.0,0.0,Herramientas (Eliminado 23/07/2024),2026-09-08 00:37:17
5901234123457,Devorador De Plagas 1l,9.0,100.0,80.0,HUAJUAPAN,2026-09-08 23:55:30
DEVORADOR500,Devorador De Plagas 500ml,24.0,60.0,45.0,HUAJUAPAN,2026-09-11 00:34:24
6918882643403,Digital Pricing Scale,2.0,750.0,0.0,- Sin Departamento - (Eliminado 13/07/2025),2026-09-08 00:37:17
7506240621430,Disco Abrasivo Para Metal 4 1/2´´,0.0,30.0,25.0,hogar (Eliminado 23/07/2024),2026-09-08 00:37:17
7506240621447,Disco Abrazivo Para Metal  7´´,0.0,60.0,50.0,hogar (Eliminado 23/07/2024),2026-09-08 00:37:17
737608014787,DISCO AUSTROMEX DE METAL4 1/2,4.0,75.0,0.0,Herramientas (Eliminado 23/07/2024),2026-09-08 00:37:17
3253,DISCO DE DIAMANTE ECO,5.0,90.0,0.0,Herramientas (Eliminado 23/07/2024),2026-09-08 00:37:17
7500012030093,Disco De Diamante Para Corte,3.0,90.0,80.0,Herramientas (Eliminado 23/07/2024),2026-09-08 00:37:17
4059952524764,DISCO DE METAL BOSCH,0.0,15.0,13.0,Herramientas (Eliminado 23/07/2024),2026-09-08 00:37:17
737608007642,DISCO DE PIEDRA,0.0,55.0,45.0,- Sin Departamento - (Eliminado 13/07/2025),2026-09-08 00:37:17
3504,"Disco Diaman Rin Continuo 4  1\2 114,3mm",0.0,45.0,0.0,LION TOOLS,2026-09-08 00:37:17
8519,DISCO DIAMANTE 4 3/8,0.0,50.0,0.0,Herramientas (Eliminado 23/07/2024),2026-09-08 00:37:17
3256,DISCO DIAMANTE PARA CORTE ECO,0.0,220.0,0.0,Herramientas (Eliminado 23/07/2024),2026-09-08 00:37:17
5887,Disco Diamante Rin Segmentado,0.0,45.0,0.0,LION TOOLS,2026-09-08 00:37:17
3280,"Disco Diamante Turbo 4 1\2 114,3 Mm",0.0,45.0,0.0,LION TOOLS,2026-09-08 00:37:17
737608019249,DISCO PARA METAL AUSTROMEX,1.0,15.0,0.0,casa,2026-09-08 00:37:17
8518,DISCO SIERRA 4 3/8,1.0,50.0,0.0,LION TOOLS,2026-09-08 00:37:17
8517,DISCO SIERRA CIRCULAR 7 1/4X5/8,0.0,90.0,0.0,Herramientas (Eliminado 23/07/2024),2026-09-08 00:37:17
7502012338360,DISCO TENASIN,0.0,90.0,0.0,Herramientas (Eliminado 23/07/2024),2026-09-08 00:37:17
1907,DIVISOR DE VIDEO 4 SALIDAS,6.0,35.0,0.0,MEXICO,2026-09-08 00:37:17
8801038608556,DORCO AMARILLO,180.0,5.0,2.5,PUEBLA,2026-09-08 00:37:17
8801038200040,DORCO NAVAJA  POR PIEZA 5  BLADES,6.0,10.0,4.75,HUAJUAPAN,2026-09-08 00:37:17
8801038593647,DORCO PASE 2 PLUS,71.0,10.0,0.0,hogar (Eliminado 23/07/2024),2026-09-08 00:37:17
8801038608549,DORCO PASE 2 PORTABLE,38.0,8.0,0.0,hogar (Eliminado 23/07/2024),2026-09-08 00:37:17
8801038114118,Dorco Rastrillo Eco,0.0,22.0,17.0,hogar (Eliminado 23/07/2024),2026-09-08 00:37:17
8801038567488,DORCO SAFETY RAZOR,31.0,25.0,0.0,Herramientas (Eliminado 23/07/2024),2026-09-08 00:37:17
1,DVD PLAYER,0.0,650.0,600.0,hogar (Eliminado 23/07/2024),2026-09-08 00:37:17
4062,EJE LLANTA CARRETILLA,4.0,40.0,30.0,Herramientas (Eliminado 23/07/2024),2026-09-08 00:37:17
4769,EMBUDO DE PLASTICO,4.0,35.0,25.0,LION TOOLS,2026-09-08 00:37:17
7506240658511,EMBUDO PLASTICO FLEXIBLE CON FILTRO #5,0.0,50.0,0.0,hogar (Eliminado 23/07/2024),2026-09-08 00:37:17
304,EMPAQUE,2.0,10.0,0.0,MEXICO,2026-09-08 00:37:17
306,EMPAQUE,0.0,15.0,0.0,EMPAQUES (Eliminado 23/07/2024),2026-09-08 00:37:17
7501059975576,EMPAQUE DE OLLA EXPRESS BLANCO,7.0,85.0,60.0,PUEBLA,2026-09-08 00:37:17
259,EMPAQUE DE OLLA EXPRESS EKCO 5 Litros GRANDE,2.0,85.0,50.0,MEXICO,2026-09-08 00:37:17
260,EMPAQUE DE OLLA EXPRESS EKCO CHICO,2.0,75.0,50.0,- Sin Departamento - (Eliminado 13/07/2025),2026-09-08 00:37:17
7501059979222,EMPAQUE DE OLLA EXPRESS PRESTO,3.0,95.0,0.0,casa,2026-09-08 00:37:17
301,EMPAQUE MAN,87.0,15.0,0.0,EMPAQUES (Eliminado 23/07/2024),2026-09-08 00:37:17
7501059995383,EMPAQUE OLLA EXPRESS EKCO MEDIANO,4.0,75.0,50.0,PUEBLA,2026-09-08 00:37:17
303,EMPAQUE OSTER,5.0,10.0,0.0,bvh,2026-09-08 00:37:17
305,"EMPAQUE Para Hamilton, American",22.0,15.0,0.0,EMPAQUES (Eliminado 23/07/2024),2026-09-08 00:37:17
EPLA22,Empaque Para Llave De Agua,61.0,5.0,0.0,MEXICO,2026-09-08 00:37:17
302,EMPAQUE TAURUS,20.0,15.0,0.0,EMPAQUES (Eliminado 23/07/2024),2026-09-08 00:37:17
7506240682738,EMPAQUES PARA LLAVE DE JARDIN REPUESTO FOSET,1.0,10.0,8.0,hogar (Eliminado 23/07/2024),2026-09-08 00:37:17
855553008580,Encendedor CUE POR PIEZA,0.0,5.0,4.0,PUEBLA,2026-09-08 00:37:17
7503048422627,Encendedor De Gas Multi Usos Flexible,0.0,40.0,0.0,LION TOOLS,2026-09-08 00:37:17
7503044566516,Encendedor De Gas Multiusos Recargable,1.0,30.0,20.0,LION TOOLS,2026-09-08 00:37:17
3091,ENCENDEDOR DE PISTOLA PARA ESTUFA,8.0,30.0,25.0,LION TOOLS,2026-09-08 00:37:17
6970772670487,Encendedor Flamita,41.0,5.0,0.0,MEXICO,2026-09-08 00:37:17
EG1,ENCENDEDOR GALAXI POR PIEZA,0.0,5.0,0.0,PUEBLA,2026-09-08 00:37:17
3092,Encendedor Multiusos,1.0,30.0,0.0,hogar (Eliminado 23/07/2024),2026-09-08 00:37:17
6970772670555,ENCENDEDOR PARA ESTUFA CON REPUESTO,0.0,40.0,0.0,hogar (Eliminado 23/07/2024),2026-09-08 00:37:17
6970772670067,Encendedor Por Caja GALAXY,3.0,160.0,0.0,HUAJUAPAN,2026-09-08 00:37:17
855553008221,ENCENDEDOR POR PIEZA,51.0,5.0,0.0,MEXICO,2026-09-16 00:30:25
7506612500066,ENCENDEDOR RECARGABLE,1.0,30.0,0.0,MEXICO,2026-09-08 00:37:17
6970772670968,ENCENDEDOR RECARGABLE FLAMITA,0.0,10.0,0.0,HUAJUAPAN,2026-09-08 00:37:17
8906111920331,ENCENDEDOR RECARGABLE POR PIEZA,2.0,6.0,0.0,PUEBLA,2026-09-08 00:37:17
3099,ENCENDEDOR TIPO SOPLETE,5.0,35.0,0.0,ASGA,2026-09-08 00:37:17
180,ENECENDEDOR SIN GAS,0.0,25.0,0.0,hogar (Eliminado 23/07/2024),2026-09-08 00:37:17
7501206685372,Engrapadora Tipo Pistola,1.0,315.0,290.0,hogar (Eliminado 23/07/2024),2026-09-08 00:37:17
7506240635109,ENTRADA TIPO EUROPEO,0.0,45.0,0.0,- Sin Departamento - (Eliminado 13/07/2025),2026-09-08 00:37:17
7502230020030,EPOXY ACERO,1.0,150.0,0.0,- Sin Departamento - (Eliminado 13/07/2025),2026-09-08 00:37:17
7502230020054,EPOXY ACERO,0.0,170.0,0.0,- Sin Departamento - (Eliminado 13/07/2025),2026-09-08 00:37:17
7502230020085,EPOXY LIQUIDO,1.0,170.0,0.0,- Sin Departamento - (Eliminado 13/07/2025),2026-09-08 00:37:17
7502230020245,EPOXY LIQUIDO,0.0,170.0,0.0,- Sin Departamento - (Eliminado 13/07/2025),2026-09-08 00:37:17
7502230020313,EPOXY SOLDADOR,0.0,55.0,0.0,- Sin Departamento - (Eliminado 13/07/2025),2026-09-08 00:37:17
ESCOBA ABANICO S/MAR,ESCOBA ABANICO SIN MARCA,2.0,65.0,0.0,ASGA,2026-09-08 00:37:17
7356,ESCOBA JARDIN 15 DIENTES,1.0,150.0,100.0,hogar (Eliminado 23/07/2024),2026-09-08 00:37:17
7502256880779,ESCOBA SHALY 08052,1.0,65.0,0.0,ASGA,2026-09-08 00:37:17
7502237250409,ESCOBETA PERICO,2.0,25.0,0.0,PUEBLA,2026-09-08 00:37:17
7506240667001,ESCUADRA CHICA,1.0,220.0,0.0,Herramientas (Eliminado 23/07/2024),2026-09-08 00:37:17
7501206630471,ESCUADRA FALSA 8´´,0.0,136.0,0.0,Herramientas (Eliminado 23/07/2024),2026-09-08 00:37:17
7506240667018,ESCUADRA GRANDE,1.0,340.0,0.0,Herramientas (Eliminado 23/07/2024),2026-09-08 00:37:17
7501206631577,ESCUADRA PARA CANTERO,1.0,230.0,0.0,Herramientas (Eliminado 23/07/2024),2026-09-08 00:37:17
7501206684955,Esmalte Acrilico En Aerosol Azul Cielo Truper,0.0,80.0,0.0,Herramientas (Eliminado 23/07/2024),2026-09-08 00:37:17
7506240630708,Esmalte En Aerosol Azul Pretul,0.0,80.0,0.0,Herramientas (Eliminado 23/07/2024),2026-09-08 00:37:17
176,Espatula Con Agarradera Chica,1.0,15.0,0.0,Herramientas (Eliminado 23/07/2024),2026-09-08 00:37:17
178,Espatula Cuadrada Con Mango,0.0,15.0,0.0,Herramientas (Eliminado 23/07/2024),2026-09-08 00:37:17
2131,ESPATULA FLEXIFLE 1´´,6.0,25.0,0.0,hogar (Eliminado 23/07/2024),2026-09-08 00:37:17
7501206634332,ESPATULA FLEXIFLE 2´´ PRETUL,0.0,30.0,0.0,hogar (Eliminado 23/07/2024),2026-09-08 00:37:17
2133,ESPATULA FLEXIFLE 3´´,4.0,28.0,0.0,LION TOOLS,2026-09-08 00:37:17
7501206634349,ESPATULA FLEXIFLE 3´´ PRETUL,0.0,45.0,0.0,hogar (Eliminado 23/07/2024),2026-09-08 00:37:17
2134,ESPATULA FLEXIFLE 4´´,3.0,36.0,0.0,hogar (Eliminado 23/07/2024),2026-09-08 00:37:17
2135,ESPATULA FLEXIFLE 5´´,4.0,40.0,0.0,hogar (Eliminado 23/07/2024),2026-09-08 00:37:17
2136,ESPATULA FLEXIFLE 6´´,5.0,45.0,0.0,hogar (Eliminado 23/07/2024),2026-09-08 00:37:17
3032,ESPATULA MANGO PLASTICO 2´´,0.0,20.0,0.0,hogar (Eliminado 23/07/2024),2026-09-08 00:37:17
7396,Espatula Para Tapicero  12,1.0,85.0,0.0,LION TOOLS,2026-09-08 00:37:17
7394,Espatula Para Tapicero  8,2.0,65.0,0.0,LION TOOLS,2026-09-08 00:37:17
7395,Espatula Para Tapicero 10,0.0,75.0,0.0,LION TOOLS,2026-09-08 00:37:17
177,Espatula Sin Mango,0.0,20.0,0.0,Herramientas (Eliminado 23/07/2024),2026-09-08 00:37:17
2355553204626,ESPEJO,1.0,30.0,20.0,MEXICO,2026-09-08 00:37:17
2355553204633,ESPEJO CUADRADO GRANDE,0.0,40.0,0.0,casa,2026-09-08 00:37:17
158,ESPEJO DE BOLSILLO,0.0,10.0,6.0,hogar (Eliminado 23/07/2024),2026-09-08 00:37:17
6946213909010,ESPIRAL ANTI SANCUDO,1.0,40.0,0.0,PUEBLA,2026-09-08 00:37:17
147,ESPONJA CUADRADA,3.0,5.0,0.0,hogar (Eliminado 23/07/2024),2026-09-10 18:37:41
149,ESPONJA RECTANGULAR,0.0,8.0,3.0,hogar (Eliminado 23/07/2024),2026-09-08 00:37:17
4048962170696,Espuma De Un Componente Fischer,1.0,160.0,130.0,LION TOOLS,2026-09-08 00:37:17
7506240620273,Espuma Expansiva Truper,0.0,160.0,0.0,Herramientas (Eliminado 23/07/2024),2026-09-08 00:37:17
3001,ESPUMA LIMPIADORA,0.0,85.0,0.0,PUEBLA,2026-09-08 00:37:17
175,Espátula,4.0,10.0,0.0,Herramientas (Eliminado 23/07/2024),2026-09-08 00:37:17
1848,Esticnina Para Ratas,2.0,10.0,6.0,hogar (Eliminado 23/07/2024),2026-09-08 00:37:17
7505005406282,ESTROPAGO G,8.0,15.0,0.0,ASGA,2026-09-08 00:37:17
7505005406183,ESTROPAJO CH,144.0,7.0,0.0,ASGA,2026-09-09 20:00:05
433,ESTUFA 4 QUEMADORES CON MESA,0.0,1600.0,1500.0,bvh,2026-09-08 00:37:17
ESTUFA FRAGA,ESTUFA CON BASE FRAGA,0.0,1200.0,0.0,PUEBLA,2026-09-08 00:37:17
ESTUFA DE 2 QUEMMADO,ESTUFA DE 2 QUEMADORES ACERO INOX COMPLETA,0.0,680.0,0.0,ASGA,2026-09-08 00:37:17
303S,ESTUFA DE 2 QUEMADORES ACERO PORCELANIZADO,2.0,520.0,0.0,DON RAMON,2026-09-08 00:37:17
432,ESTUFA DE 2 QUEMADORES CON MESA,0.0,1100.0,900.0,bvh,2026-09-08 00:37:17
308S,ESTUFA DE 2QUEMADORES PORCELANATO Y ACERO INOX,1.0,580.0,0.0,DON RAMON,2026-09-08 00:37:17
ESTUFA DE 4 INOX,ESTUFA DE 4 QUEMADORES INOXIDABLE,1.0,1000.0,0.0,DON RAMON,2026-09-08 00:37:17
ESTUFADE4,Estufa De Gas 4 Quemadores,0.0,850.0,700.0,PUEBLA,2026-09-08 00:37:17
EGM,ESTUFA DE GAS DEMESA,0.0,900.0,0.0,ASGA,2026-09-08 00:37:17
5387,ESTUFA PORTATIL DE GAS,2.0,450.0,0.0,LION TOOLS,2026-09-08 00:37:17
EXDP,EXPRIMIDOR DE PATO,1.0,395.0,350.0,PUEBLA,2026-09-08 00:37:17
7506612500134,EXTENCION 10 METROS,0.0,120.0,0.0,PUEBLA,2026-09-08 00:37:17
7506612500202,EXTENCION 15 METROS NARANJA,0.0,200.0,0.0,ASGA,2026-09-08 00:37:17
7506612500073,EXTENCION 2 METROS,0.0,35.0,0.0,ASGA,2026-09-08 00:37:17
7506612500141,EXTENCION 2 METROS NARANJA,3.0,60.0,0.0,ASGA,2026-09-08 00:37:17
LE-C2002NA,EXTENCION 2 MTS MLESSO NARANJA,1.0,50.0,0.0,hogar (Eliminado 23/07/2024),2026-09-08 00:37:17
7501206663776,EXTENCION 20MTS VOLTECK,0.0,430.0,0.0,hogar (Eliminado 23/07/2024),2026-09-08 00:37:17
7506612500226,EXTENCION 25MTS ASGA,1.0,350.0,0.0,ASGA,2026-09-08 00:37:17
630,Extencion 2mtrs  Lions,0.0,35.0,0.0,LION TOOLS,2026-09-08 00:37:17
7506612500080,EXTENCION 3 METROS,6.0,45.0,0.0,MEXICO,2026-09-11 15:57:11
200,EXTENCION 30MTS AVILA NARANJA,0.0,370.0,0.0,hogar (Eliminado 23/07/2024),2026-09-08 00:37:17
LE-C2003NA,EXTENCION 3MTS MLESSO,1.0,65.0,0.0,hogar (Eliminado 23/07/2024),2026-09-08 00:37:17
7506612500097,EXTENCION 4 METROS,7.0,55.0,0.0,MEXICO,2026-09-08 00:37:17
7506612500103,EXTENCION 5 METROS,0.0,65.0,0.0,casa,2026-09-08 00:37:17
7501942324375,EXTENCION 5 MTS KEER AMARILLA,2.0,95.0,0.0,FERREPAT,2026-09-08 00:37:17
7506612500110,EXTENCION 6 METROS,2.0,85.0,0.0,ASGA,2026-09-08 00:37:17
7506612500165,EXTENCION 6 METROS NARANJA,0.0,110.0,0.0,casa,2026-09-08 00:37:17
7501942324382,EXTENCION 6MTS KEER AMARILLA,1.0,110.0,0.0,- Sin Departamento - (Eliminado 13/07/2025),2026-09-08 00:37:17
199,EXTENCION 6MTS SAMY BLANCA,5.0,75.0,0.0,hogar (Eliminado 23/07/2024),2026-09-08 00:37:17
7506612500219,EXTENCION ASGA 20MTS,0.0,330.0,0.0,ASGA,2026-09-08 00:37:17
7506612500233,EXTENCION ASGA 30MTRS,0.0,400.0,0.0,ASGA,2026-09-08 00:37:17
ECS10,EXTENCION CON SOQUET 10METROS,0.0,120.0,0.0,casa,2026-09-08 00:37:17
ECS15,EXTENCION CON SOQUET 15 METROS,0.0,180.0,0.0,casa,2026-09-08 00:37:17
ECS20,EXTENCION CON SOQUET 20 METROS,2.0,240.0,0.0,casa,2026-09-08 00:37:17
ECS3,Extencion Con Soquet 3mts,0.0,50.0,0.0,casa,2026-09-08 00:37:17
ECS5,EXTENCION CON SOQUET 5 METROS,0.0,70.0,0.0,casa,2026-09-08 00:37:17
7506612500172,EXTENCION D 8MTS,1.0,80.0,70.0,ASGA,2026-09-08 00:37:17
7506612500196,EXTENCION D12MTS,0.0,120.0,100.0,ASGA,2026-09-08 00:37:17
201,EXTENCION DE 10 MTS DUPLEX NARANJA,2.0,160.0,0.0,hogar (Eliminado 23/07/2024),2026-09-08 00:37:17
7501942324405,EXTENCION DE 10MTS,1.0,155.0,0.0,- Sin Departamento - (Eliminado 13/07/2025),2026-09-08 00:37:17
7501206663752,EXTENCION DE 12 MTS VOLTECK,3.0,310.0,0.0,FERREPAT,2026-09-08 00:37:17
7501942324412,EXTENCION DE 15 MTS KEER AMARILLA,1.0,200.0,0.0,hogar (Eliminado 23/07/2024),2026-09-08 00:37:17
7501206663769,EXTENCION DE 15 MTS VOLTECK,0.0,350.0,0.0,FERREPAT,2026-09-08 00:37:17
7501942324214,EXTENCION DE 2 MTS KEER BLANCA,4.0,35.0,0.0,DON RAMON,2026-09-08 00:37:17
7501206663707,EXTENCION DE 2MTS VOLTECK,2.0,65.0,0.0,TRUPER,2026-09-08 00:37:17
7501206663790,EXTENCION DE 30MTS VOLTECK,0.0,630.0,0.0,hogar (Eliminado 23/07/2024),2026-09-08 00:37:17
EX0632,Extencion De 4 Mtrs,0.0,55.0,0.0,LION TOOLS,2026-09-08 00:37:17
7501206663714,EXTENCION DE 4MTS VOLTECK,0.0,110.0,0.0,TRUPER,2026-09-08 00:37:17
7501206663721,EXTENCION DE 6MTS VOLTECK,3.0,140.0,0.0,TRUPER,2026-09-08 00:37:17
7501206663738,EXTENCION DE 8MTS VOLTECK,2.0,210.0,0.0,FERREPAT,2026-09-08 00:37:17
7501942324436,EXTENCION KEER 30M AMARILLO,2.0,360.0,0.0,FERREPAT,2026-09-08 00:37:17
355,Extencion Mini Con Soquet,25.0,20.0,0.0,MEXICO,2026-09-08 00:37:17
6918882641805,Extencion naranja Buytiti De 10mtrs,0.0,130.0,110.0,- Sin Departamento - (Eliminado 13/07/2025),2026-09-08 00:37:17
7501206663745,Extension 10 M Volteck,1.0,250.0,0.0,FERREPAT,2026-09-08 00:37:17
7501942324276,EXTENSION 10M KEER BLANCA,2.0,120.0,0.0,DON RAMON,2026-09-08 00:37:17
7501942324344,EXTENSION 2M KEER AMARILLA,5.0,55.0,0.0,DON RAMON,2026-09-08 00:37:17
EX0631,Extension 3 Mtrs Lion,0.0,45.0,0.0,LION TOOLS,2026-09-08 00:37:17
7501942324351,EXTENSION 3M KEER AMARILLA,0.0,65.0,0.0,Herramientas (Eliminado 23/07/2024),2026-09-08 00:37:17
7501942324221,EXTENSION 3M KEERN BLANCA,1.0,45.0,0.0,DON RAMON,2026-09-09 16:56:02
7506612500158,EXTENSION 4 METROS NARANJA,1.0,90.0,0.0,ASGA,2026-09-08 00:37:17
7501942324368,EXTENSION 4M KEER AMARILLA,0.0,85.0,0.0,DON RAMON,2026-09-08 00:37:17
7501942324238,EXTENSION 4M KEER BLANCA,3.0,55.0,0.0,DON RAMON,2026-09-08 00:37:17
SAMY4,Extension 4mts Blanca Samy,9.0,65.0,0.0,mascotas (Eliminado 23/07/2024),2026-09-08 00:37:17
7501942324245,EXTENSION 5M KEER BLANCA,2.0,65.0,0.0,DON RAMON,2026-09-08 00:37:17
7501942324252,EXTENSION 6M KEER BLANCA,10.0,85.0,0.0,FERREPAT,2026-09-08 00:37:17
7501942324399,EXTENSION 8M KEER AMARILLA,2.0,135.0,0.0,FERREPAT,2026-09-08 00:37:17
7501942324269,EXTENSION 8M KEER BLANCA,5.0,100.0,0.0,DON RAMON,2026-09-08 00:37:17
7503011820115,Extension De 6.00mts. Uso Rudo Naranja Kley,0.0,80.0,0.0,KLEIMAN,2026-09-08 00:37:17
7503011820078,Extension Electrica Uso Rudo 2m Kleiman,0.0,55.0,0.0,KLEIMAN,2026-09-08 00:37:17
7501942324429,EXTENSION KEER 20M AMARILLA,5.0,330.0,0.0,FERREPAT,2026-09-08 00:37:17
1457,EXTENSIONES CUADRO,0.0,85.0,0.0,Herramientas (Eliminado 23/07/2024),2026-09-08 00:37:17
1455,EXTENSIONES CUADRO,0.0,190.0,0.0,LION TOOLS,2026-09-08 00:37:17
7503011820092,Extensión Eléctrica Uso Rudo Kleiman 4m,0.0,65.0,0.0,KLEIMAN,2026-09-08 00:37:17
FPCH11,Faja Con Pegamento Chica,0.0,80.0,0.0,casa,2026-09-08 00:37:17
FPG33,Faja Con Pegamento Grande,0.0,80.0,0.0,casa,2026-09-08 00:37:17
FPM22,Faja Con Pegamento Mediana,2.0,80.0,0.0,casa,2026-09-08 00:37:17
FBG55,Faja De Broche Con Gancho,0.0,80.0,0.0,casa,2026-09-08 00:37:17
F4CH,FAJA DE TIRANTES CHICA,3.0,160.0,140.0,Herramientas (Eliminado 23/07/2024),2026-09-08 00:37:17
F4G,FAJA DE TIRANTES G,2.0,160.0,140.0,casa,2026-09-08 00:37:17
F4M,FAJA DE TIRANTES MEDIANA,0.0,160.0,140.0,casa,2026-09-08 00:37:17
F4EX,FAJA DE TIRANTES XG,5.0,180.0,160.0,Herramientas (Eliminado 23/07/2024),2026-09-08 00:37:17
327,FELPA PARA RODILLO,1.0,30.0,0.0,LION TOOLS,2026-09-08 00:37:17
328,FELPA PARA RODILLO RUGOSA,0.0,25.0,20.0,LION TOOLS,2026-09-08 00:37:17
FIBRA BRILLOSA CH,FIBRA BRILLOSA CH,1.0,10.0,0.0,ASGA,2026-09-08 00:37:17
FIBRA BRILLOSA J,FIBRA BRILLOSA JUMBO,0.0,18.0,0.0,ASGA,2026-09-08 00:37:17
FIBRA BRILLOSA M,FIBRA BRILLOSA M,1.0,12.0,0.0,ASGA,2026-09-08 00:37:17
146,FIBRA ESPONJA,0.0,10.0,7.0,hogar (Eliminado 23/07/2024),2026-09-08 00:37:17
144,FIBRA METALICA 15,0.0,15.0,7.0,hogar (Eliminado 23/07/2024),2026-09-08 00:37:17
151,FIBRA METALICA 5,0.0,5.0,0.0,hogar (Eliminado 23/07/2024),2026-09-08 00:37:17
142,Fibra Metalica 7,0.0,7.0,5.0,hogar (Eliminado 23/07/2024),2026-09-08 00:37:17
7506424602354,Fibra Metalica La Higienica,15.0,15.0,11.0,hogar (Eliminado 23/07/2024),2026-09-08 00:37:17
7506424602415,FIBRA SHALY,3.0,5.0,0.0,ASGA,2026-09-08 00:37:17
7502256880137,Fibra Shaly A.I,94.0,6.0,0.0,MEXICO,2026-09-08 00:37:17
7503005505318,FIBRA VERDE CHICA,4.0,7.0,5.0,- Sin Departamento - (Eliminado 13/07/2025),2026-09-08 00:37:17
7502221421440,FIBRA VERDE LA CONSENTIDA,0.0,15.0,0.0,hogar (Eliminado 23/07/2024),2026-09-08 00:37:17
FIBRAPQT,FIBRAPQT,0.0,45.0,45.0,PUEBLA,2026-09-08 00:37:17
7506601400506,FIBRAS INOX NITRAN,2.0,20.0,15.0,PUEBLA,2026-09-15 01:17:17
145,FLANELA 20,4.0,20.0,10.0,hogar (Eliminado 23/07/2024),2026-09-08 00:37:17
7501206605530,FLEXOMETRO,1.0,95.0,0.0,FERREPAT,2026-09-08 00:37:17
222,FLEXOMETRO 3M,1.0,50.0,0.0,LION TOOLS,2026-09-08 00:37:17
225,FLEXOMETRO 3M AMARILLO,0.0,65.0,0.0,hogar (Eliminado 23/07/2024),2026-09-08 00:37:17
223,FLEXOMETRO 5M,0.0,70.0,0.0,LION TOOLS,2026-09-08 00:37:17
7503044566073,Flexometro 5m 0223,3.0,65.0,50.0,LION TOOLS,2026-09-08 00:37:17
PRO-5MEC,FLEXOMETRO 5M AMARILLO,0.0,95.0,0.0,FERREPAT,2026-09-08 00:37:17
7501206673324,FLEXOMETRO 5M TRUPER,0.0,140.0,0.0,hogar (Eliminado 23/07/2024),2026-09-08 00:37:17
7503044566080,Flexometro 8m 0224,0.0,95.0,0.0,LION TOOLS,2026-09-08 00:37:17
227,FLEXOMETRO 8M AMARILLO,1.0,170.0,0.0,LION TOOLS,2026-09-08 00:37:17
7502309732529,Flexometro Conpacto 10m,0.0,270.0,250.0,TRUPER,2026-09-08 00:37:17
7501206605523,FLEXOMETRO PRETUL 3M,2.0,65.0,0.0,hogar (Eliminado 23/07/2024),2026-09-08 00:37:17
7501206673331,FLEXOMETRO TRUPER 8M,0.0,270.0,0.0,hogar (Eliminado 23/07/2024),2026-09-08 00:37:17
FLORERO B,FLORERO BLANCO,0.0,20.0,17.5,PUEBLA,2026-09-08 00:37:17
7501206633786,FLOTA DE ESPONJA,0.0,170.0,0.0,Herramientas (Eliminado 23/07/2024),2026-09-08 00:37:17
1926,FLOTA DE ESPONJA,0.0,90.0,0.0,LION TOOLS,2026-09-08 00:37:17
7501206675021,Flota De Esponja 1/2,0.0,170.0,160.0,hogar (Eliminado 23/07/2024),2026-09-08 00:37:17
7501206629321,Flota De Esponja 3/4,0.0,120.0,100.0,hogar (Eliminado 23/07/2024),2026-09-08 00:37:17
7506240609971,FLOTA DE ESPUMA,0.0,110.0,0.0,FERREPAT,2026-09-08 00:37:17
1927,FLOTA DE HULE,4.0,60.0,0.0,LION TOOLS,2026-09-08 00:37:17
3590,FLOTADOR ELECTRICO,1.0,180.0,0.0,Herramientas (Eliminado 23/07/2024),2026-09-08 00:37:17
179,FLOTADOR PLASTICO VARILLA TROPICALIZADA,0.0,70.0,0.0,hogar (Eliminado 23/07/2024),2026-09-08 00:37:17
4895174144508,Foco 100w Mega Luz,5.0,250.0,200.0,PUEBLA,2026-09-08 00:37:17
7845163185484,FOCO 10W GO By KONNING,0.0,20.0,0.0,casa,2026-09-08 00:37:17
BO10W,FOCO 10W L.A,6.0,20.0,10.0,FOCO. (Eliminado 23/07/2024),2026-09-08 00:37:17
BO-10W,Foco 10w L.A,15.0,20.0,10.0,foco (Eliminado 23/07/2024),2026-09-08 00:37:17
7503026210550,FOCO 15W MLESSO,0.0,30.0,20.0,FOCO. (Eliminado 23/07/2024),2026-09-08 00:37:17
7503175217240,FOCO 20W GOODWILL,1.0,60.0,0.0,PUEBLA,2026-09-08 00:37:17
7503026210567,FOCO 20W MLESSO,0.0,40.0,30.0,FOCO. (Eliminado 23/07/2024),2026-09-08 00:37:17
4895174149220,FOCO 20W TIANLAI,0.0,60.0,50.0,casa,2026-09-08 00:37:17
28166,Foco 30 W Goodwill,14.0,80.0,60.0,MEXICO,2026-09-08 00:37:17
7513175281660,FOCO 30W GOODWILL,9.0,80.0,65.0,casa,2026-09-15 23:28:56
7503026210574,FOCO 30W MLESSO,2.0,60.0,40.0,PUEBLA,2026-09-08 00:37:17
5690215101804,FOCO 36 ESPIRAL ALEFCO,59.0,60.0,40.0,HUAJUAPAN,2026-09-08 00:37:17
7845163185361,Foco 40w Konnig,0.0,80.0,60.0,- Sin Departamento - (Eliminado 13/07/2025),2026-09-08 00:37:17
6503172000945,Foco 40w Rino,1.0,80.0,60.0,foco (Eliminado 23/07/2024),2026-09-08 00:37:17
7513175281684,Foco 50 W Goodwill,1.0,120.0,90.0,MEXICO,2026-09-08 00:37:17
7503175217271,Foco 50w Goodwill,0.0,120.0,70.0,casa,2026-09-08 00:37:17
6974892560659,Foco 50w Konnig,3.0,150.0,100.0,foco (Eliminado 23/07/2024),2026-09-08 00:37:17
7503026210598,Foco 50w Mlesso,0.0,120.0,100.0,PUEBLA,2026-09-08 00:37:17
7845163185378,FOCO 65W KONNIG,1.0,180.0,110.0,foco (Eliminado 23/07/2024),2026-09-08 00:37:17
7506198119584,Foco Aksi 15w,0.0,70.0,0.0,foco (Eliminado 23/07/2024),2026-09-08 00:37:17
7506198102586,Foco Aksi 2u 13w,1.0,45.0,0.0,foco (Eliminado 23/07/2024),2026-09-08 00:37:17
7506198104139,Foco Aksi 2u 9w,0.0,40.0,0.0,foco (Eliminado 23/07/2024),2026-09-08 00:37:17
7506198119546,Foco Aksi 9w,0.0,60.0,0.0,foco (Eliminado 23/07/2024),2026-09-08 00:37:17
5690215101842,FOCO ALEFCO ESPIRAL 65W,2.0,120.0,80.0,PUEBLA,2026-09-08 00:37:17
7506069045400,FOCO DE ESPIRAL 20W STROM,2.0,40.0,30.0,BOCINA (Eliminado 23/07/2024),2026-09-08 00:37:17
7503295160365,Foco De Espiral 32w Jafepa,1.0,130.0,100.0,foco (Eliminado 23/07/2024),2026-09-08 00:37:17
8303175000656,Foco De Espiral 85w Dubai,4.0,250.0,160.0,foco (Eliminado 23/07/2024),2026-09-08 00:37:17
7503450656221,Foco De Espiral Jafepa 20w,15.0,65.0,0.0,FOCO. (Eliminado 23/07/2024),2026-09-08 00:37:17
6927780932076,FOCO DE LED 7W ZAID,3.0,85.0,75.0,foco (Eliminado 23/07/2024),2026-09-08 00:37:17
7503175333179,Foco Dubai 65w,0.0,180.0,150.0,- Sin Departamento - (Eliminado 13/07/2025),2026-09-08 00:37:17
7513170218784,Foco Dubai 65w,1.0,200.0,0.0,foco (Eliminado 23/07/2024),2026-09-08 00:37:17
9781565924796,FOCO ECONOMICO WOLF 100W,6.0,10.0,6.0,casa,2026-09-08 00:37:17
7506240634539,FOCO ESPIRAL,1.0,85.0,0.0,TRUPER,2026-09-08 00:37:17
8303175200162,Foco Espiral 105 Watts,1.0,320.0,250.0,FOCO. (Eliminado 23/07/2024),2026-09-08 00:37:17
8303175672662,FOCO ESPIRAL 55W DUBAI,0.0,100.0,80.0,foco (Eliminado 23/07/2024),2026-09-08 00:37:17
7503175217226,FOCO GOODWILL 10W,0.0,20.0,0.0,- Sin Departamento - (Eliminado 13/07/2025),2026-09-08 00:37:17
7503175217264,Foco Goodwill 40w,1.0,80.0,0.0,casa,2026-09-08 00:37:17
7513175224162,FOCO HELICOPTERO 18W,2.0,65.0,55.0,- Sin Departamento - (Eliminado 13/07/2025),2026-09-08 00:37:17
7845163185583,Foco Konnig 85w,0.0,250.0,140.0,foco (Eliminado 23/07/2024),2026-09-08 00:37:17
7842023919029,Foco Konnig De 40w,5.0,80.0,60.0,foco (Eliminado 23/07/2024),2026-09-08 00:37:17
7845163185347,Foco Konning 18w,3.0,45.0,30.0,foco (Eliminado 23/07/2024),2026-09-08 00:37:17
7500463243776,FOCO LED 16W PRUREB,1.0,70.0,85.0,ASGA,2026-09-08 00:37:17
6927780932205,FOCO LED 20W ZAID,9.0,90.0,90.0,PUEBLA,2026-09-08 00:37:17
6927780934247,FOCO LED 24W ZAID,3.0,145.0,130.0,foco (Eliminado 23/07/2024),2026-09-08 00:37:17
6927780934322,FOCO LED 32W ZAID,3.0,170.0,150.0,- Sin Departamento - (Eliminado 13/07/2025),2026-09-08 00:37:17
7500938019332,FOCO LED 40W MEGA LUZ,4.0,100.0,70.0,PUEBLA,2026-09-08 00:37:17
7500938005212,FOCO LED 40W TIANLAI,0.0,80.0,65.0,- Sin Departamento - (Eliminado 13/07/2025),2026-09-08 00:37:17
7500938005229,FOCO LED 50W TIANLAI,0.0,140.0,100.0,- Sin Departamento - (Eliminado 13/07/2025),2026-09-08 00:37:17
7500938019356,FOCO LED 60W MEGA LUZ,0.0,150.0,140.0,MEXICO,2026-09-08 00:37:17
7503450656207,FOCO LED DE3 9W JAFEPA,2.0,55.0,45.0,foco (Eliminado 23/07/2024),2026-09-08 00:37:17
7503026210475,Foco Matamosca Mlesso,8.0,60.0,40.0,PUEBLA,2026-09-08 00:37:17
7500938019318,Foco Mega Luz 20w,6.0,60.0,50.0,PUEBLA,2026-09-08 00:37:17
7500938019325,Foco Mega Luz 30w,2.0,80.0,75.0,PUEBLA,2026-09-08 00:37:17
7500938019349,FOCO MEGALUZ 50W,11.0,130.0,0.0,PUEBLA,2026-09-08 00:37:17
7503026521410,FOCO MLESSO  35W,15.0,70.0,0.0,PUEBLA,2026-09-08 00:37:17
7503026210581,Foco Mlesso 40w,6.0,80.0,60.0,PUEBLA,2026-09-08 00:37:17
7503026521427,FOCO MLESSO 45W,6.0,90.0,0.0,PUEBLA,2026-09-08 00:37:17
7845163185491,FOCO PARA MOSQUITOS 15W KONNIG,5.0,95.0,80.0,FOCO. (Eliminado 23/07/2024),2026-09-08 00:37:17
6952685326361,Foco Recargable Aguilamex,2.0,195.0,180.0,- Sin Departamento - (Eliminado 13/07/2025),2026-09-08 00:37:17
6918882666945,FOCO RECARGABLE BUYTITI 40W,4.0,95.0,70.0,- Sin Departamento - (Eliminado 13/07/2025),2026-09-08 22:14:42
6918882638454,FOCO SOLAR BUYTITI,0.0,150.0,110.0,- Sin Departamento - (Eliminado 13/07/2025),2026-09-08 00:37:17
6909168029004,FOCO SOLAR TIANLAI,12.0,150.0,110.0,MEXICO,2026-09-08 00:37:17
98859096274479,FOCO SOLAR TRANSHINE,2.0,150.0,110.0,foco (Eliminado 23/07/2024),2026-09-08 00:37:17
7500938006646,Foco Tianlai 10w,72.0,20.0,10.0,casa,2026-09-10 19:23:56
7500938006660,Foco Tianlai 15w,20.0,40.0,0.0,ASGA,2026-09-08 00:37:17
7500938017116,FOCO VENTILADOR 48W,0.0,195.0,160.0,foco (Eliminado 23/07/2024),2026-09-08 00:37:17
7500938017109,Foco Ventilador De 3 Tianlai/32w,0.0,145.0,75.0,foco (Eliminado 23/07/2024),2026-09-08 00:37:17
7513175222311,Foco Ventilador De 3/ 45w,2.0,145.0,75.0,foco (Eliminado 23/07/2024),2026-09-08 00:37:17
7500938017093,FOCO VENTILADOR LNND-14,2.0,120.0,90.0,PUEBLA,2026-09-08 00:37:17
7506240654643,Foco Volteck 50w,1.0,250.0,245.0,FOCO. (Eliminado 23/07/2024),2026-09-08 00:37:17
7501206690932,Foco Volteck 5w,1.0,60.0,0.0,foco (Eliminado 23/07/2024),2026-09-08 00:37:17
7506240653004,Foco Volteck Luz Azul,0.0,40.0,0.0,foco (Eliminado 23/07/2024),2026-09-08 00:37:17
7506240653035,Foco Volteck Luz Roja,1.0,40.0,0.0,foco (Eliminado 23/07/2024),2026-09-08 00:37:17
7506240653011,Foco Volteck Luz Verde,0.0,40.0,0.0,foco (Eliminado 23/07/2024),2026-09-08 00:37:17
6927780231490,FOLDER BOTON,0.0,40.0,0.0,hogar (Eliminado 23/07/2024),2026-09-08 00:37:17
6927780231391,FOLDER LISTON,0.0,25.0,0.0,hogar (Eliminado 23/07/2024),2026-09-08 00:37:17
2418,Foquito Colores,33.0,5.0,4.0,LION TOOLS,2026-09-08 00:37:17
2419,Foquitos Blancos,21.0,5.0,4.0,LION TOOLS,2026-09-08 00:37:17
FOS100,FOSFURO,49.0,65.0,45.0,PUEBLA,2026-09-08 00:37:17
FDZ50,Fosfuro De Zinc Veneno De Raton,7.0,55.0,35.0,LION TOOLS,2026-09-08 19:19:54
7506240626558,Fotocelda 1000w,0.0,150.0,0.0,TRUPER,2026-09-08 00:37:17
521,Franela Microfibra,2.0,15.0,10.0,PUEBLA,2026-09-08 00:37:17
FREIDOR1,Freidor De Papas,0.0,1650.0,1500.0,PUEBLA,2026-09-08 00:37:17
2355553204848,Friba Maincraf Inox Chico,2.0,5.0,0.0,hogar (Eliminado 23/07/2024),2026-09-08 00:37:17
1887,Fumigador Domestico 1.5 Litros,0.0,80.0,65.0,LION TOOLS,2026-09-08 00:37:17
1888,Fumigador Domestico 2 Litros,0.0,85.0,70.0,LION TOOLS,2026-09-08 00:37:17
FUNDAPMACHET0234,FUNDA DE MACHETE GRANDE,1.0,250.0,0.0,HUAJUAPAN,2026-09-08 00:37:17
FUNDAMACHE232,FUNDA DE MACHETE MEDIANO,0.0,220.0,0.0,HUAJUAPAN,2026-09-08 00:37:17
256,FUNDA DE NAVAJA PIEL,2.0,95.0,0.0,Herramientas (Eliminado 23/07/2024),2026-09-08 00:37:17
257,FUNDA NAVAJA DE PIEL,0.0,110.0,0.0,Herramientas (Eliminado 23/07/2024),2026-09-08 00:37:17
2765,Funda Para Celular Galaxy Note,1.0,75.0,0.0,Herramientas (Eliminado 23/07/2024),2026-09-08 00:37:17
1724,Funda Para Navaja,1.0,70.0,0.0,Herramientas (Eliminado 23/07/2024),2026-09-08 00:37:17
1724.,Funda Para Navaja,1.0,35.0,0.0,Herramientas (Eliminado 23/07/2024),2026-09-08 00:37:17
204,FUSIBLE GRUPO RAMALVA / RACK,120.0,10.0,8.0,PUEBLA,2026-09-17 16:29:56
7502230020443,FUSION EPOXI NEDRO,2.0,120.0,0.0,hogar (Eliminado 23/07/2024),2026-09-08 00:37:17
GALON 10LT,GALON 10LT,1.0,85.0,0.0,ASGA,2026-09-08 00:37:17
GALON 2LT,GALON 2LT,1.0,25.0,0.0,ASGA,2026-09-08 00:37:17
GALON 4LT,GALON 4LT,1.0,35.0,0.0,ASGA,2026-09-08 00:37:17
GALON 5LT,GALON 5LT,0.0,45.0,0.0,ASGA,2026-09-08 20:02:17
GAMARRAS,GAMARRAS BURRO O CABALLO,2.0,160.0,0.0,HUAJUAPAN,2026-09-08 00:37:17
600,GANCHO DE SEGURIDAD PARA PUERTA,7.0,20.0,0.0,hogar (Eliminado 23/07/2024),2026-09-08 00:37:17
7503003874577,Gancho PARA ROPA INFANTIL,5.0,35.0,0.0,ASGA,2026-09-08 00:37:17
7506424602347,Gancho Super Gancho,3.0,40.0,0.0,ASGA,2026-09-11 21:53:55
2843,GAS BUTANO PARA ENCENDEDOR,1.0,45.0,35.0,LION TOOLS,2026-09-16 19:05:39
4918,GAS BUTANO PARA ESTUFA Y SOPLETE,3.0,70.0,0.0,LION TOOLS,2026-09-08 00:37:17
4919,GAS BUTANO PARA SOPLETE,2.0,80.0,0.0,LION TOOLS,2026-09-08 00:37:17
7501206649541,Gato Hidraulico 2 toneladas Tuper,0.0,560.0,550.0,Herramientas (Eliminado 23/07/2024),2026-09-08 00:37:17
7501009222736,Gillette Prestobarba,63.0,10.0,6.25,PUEBLA,2026-09-08 00:37:17
706849000019,GIS 2000,20.0,10.0,7.0,LION TOOLS,2026-09-08 00:37:17
7506198188337,Gis Para Tiralineas,0.0,40.0,0.0,Herramientas (Eliminado 23/07/2024),2026-09-08 00:37:17
1080,GOTERO,15.0,30.0,0.0,- Sin Departamento - (Eliminado 13/07/2025),2026-09-08 00:37:17
1412,Grapa Cable Plano 8mm,3.0,9.0,7.0,Herramientas (Eliminado 23/07/2024),2026-09-08 00:37:17
7506240645634,GRAPA PARA CABLE 12 MM,0.0,20.0,0.0,hogar (Eliminado 23/07/2024),2026-09-08 00:37:17
7501206696033,GRAPA PARA CABLE 12MM,1.0,20.0,0.0,hogar (Eliminado 23/07/2024),2026-09-08 00:37:17
7506240678830,GRAPA PARA CABLE 3MM X,1.0,12.0,0.0,hogar (Eliminado 23/07/2024),2026-09-08 00:37:17
7501206696057,GRAPA PARA CABLE 3MM X,0.0,12.0,0.0,hogar (Eliminado 23/07/2024),2026-09-08 00:37:17
7506240645603,GRAPA PARA CABLE 5MM,0.0,12.0,0.0,hogar (Eliminado 23/07/2024),2026-09-08 00:37:17
7501206695999,GRAPA PARA CABLE 5MM BLANCA,0.0,12.0,0.0,hogar (Eliminado 23/07/2024),2026-09-08 00:37:17
7501206696064,GRAPA PARA CABLE 5MM X,0.0,15.0,0.0,hogar (Eliminado 23/07/2024),2026-09-08 00:37:17
7506240678847,GRAPA PARA CABLE 5MM X 8.5MM,0.0,15.0,0.0,hogar (Eliminado 23/07/2024),2026-09-08 00:37:17
7501206696071,GRAPA PARA CABLE 6MM,0.0,15.0,0.0,hogar (Eliminado 23/07/2024),2026-09-08 00:37:17
7501206696019,GRAPA PARA CABLE 8MM,0.0,15.0,0.0,hogar (Eliminado 23/07/2024),2026-09-08 00:37:17
7506240645610,GRAPA PARA CABLE 8MM NEGRO,0.0,15.0,0.0,hogar (Eliminado 23/07/2024),2026-09-08 00:37:17
1413,Grapa Para Cable Plano 10mm,0.0,10.0,8.0,Herramientas (Eliminado 23/07/2024),2026-09-08 00:37:17
1411,Grapa Para Cable Plano 5mm,100.0,7.0,5.0,LION TOOLS,2026-09-08 00:37:17
1408,Grapa Para Cable Redondo 10mm,9.0,12.0,10.0,LION TOOLS,2026-09-08 00:37:17
1409,Grapa Para Cable Redondo 12mm,10.0,15.0,10.0,LION TOOLS,2026-09-08 00:37:17
1410,Grapa Para Cable Redondo 16mm,0.0,20.0,15.0,LION TOOLS,2026-09-08 00:37:17
1405,Grapa Para Cable Redondo 5mm,3.0,7.0,5.0,LION TOOLS,2026-09-08 00:37:17
1406,Grapa Para Cable Redondo 6mm,12.0,8.0,6.0,LION TOOLS,2026-09-08 00:37:17
1407,Grapa Para Cable Redondo 8mm,1396.0,10.0,8.0,LION TOOLS,2026-09-08 00:37:17
7501206672556,Grapa Para Pistola Et-21 Y Et-19 5/16,0.0,35.0,30.0,Herramientas (Eliminado 23/07/2024),2026-09-08 00:37:17
7501206672532,Grapa Para Pistola Et-50 9/16,1.0,75.0,70.0,Herramientas (Eliminado 23/07/2024),2026-09-08 00:37:17
7501206672525,Grapa Para Pistola Et-50 De 1/2,1.0,64.0,60.0,Herramientas (Eliminado 23/07/2024),2026-09-08 00:37:17
7501206672303,Grapa Para Pistola Et-50 De 1/4,1.0,40.0,35.0,Herramientas (Eliminado 23/07/2024),2026-09-08 00:37:17
7501206672617,Grapa Para Pistola Et-50 De 3/8,1.0,56.0,50.0,Herramientas (Eliminado 23/07/2024),2026-09-08 00:37:17
7501206672518,Grapa Para Pistola Et-50 De 5/16,0.0,50.0,45.0,Herramientas (Eliminado 23/07/2024),2026-09-08 00:37:17
7501206687956,Grapa Pára Pistola De Et-21 3/,1.0,40.0,35.0,Herramientas (Eliminado 23/07/2024),2026-09-08 00:37:17
7506240686248,Grasa De Bentona Para Balero 450g,1.0,110.0,85.0,Herramientas (Eliminado 23/07/2024),2026-09-08 00:37:17
7506240621737,GRASA MULTIUSOS 450G,0.0,130.0,110.0,TRUPER,2026-09-08 00:37:17
7506240686170,Grasa Para Chasis,0.0,120.0,100.0,hogar (Eliminado 23/07/2024),2026-09-08 00:37:17
261,GRIFA,1.0,190.0,0.0,Herramientas (Eliminado 23/07/2024),2026-09-08 00:37:17
7501206632130,GRIFA DE 2 BOCAS TRUPER,1.0,280.0,0.0,Herramientas (Eliminado 23/07/2024),2026-09-08 00:37:17
6916395614644,GTS-1464,2.0,400.0,300.0,BOCINA (Eliminado 23/07/2024),2026-09-08 00:37:17
850,GUANTE BLANCO GRIS,6.0,25.0,0.0,LION TOOLS,2026-09-10 19:53:07
852,GUANTE BLANCO GRIS GRANDE,0.0,25.0,0.0,hogar (Eliminado 23/07/2024),2026-09-08 00:37:17
851,GUANTE BLANCO GRIS MEDIANO,0.0,25.0,0.0,LION TOOLS,2026-09-08 00:37:17
8058,GUANTE CAMUFLAJEADO CHICO,8.0,25.0,0.0,LION TOOLS,2026-09-08 00:37:17
8060,GUANTE CAMUFLAJEADO GRANDE,19.0,25.0,0.0,LION TOOLS,2026-09-08 00:37:17
8059,GUANTE CAMUFLAJEADO MEDIANO,0.0,25.0,0.0,Herramientas (Eliminado 23/07/2024),2026-09-08 00:37:17
842,GUANTE DE ALGODON,15.0,45.0,0.0,LION TOOLS,2026-09-08 00:37:17
GUANTE,GUANTE DE CARNASA,0.0,95.0,0.0,casa,2026-09-08 00:37:17
7176,GUANTE DE HULE CHICO VERDE NEGRO,2.0,65.0,0.0,LION TOOLS,2026-09-08 00:37:17
614143061387,GUANTE HULTEX 9,15.0,20.0,0.0,PUEBLA,2026-09-08 00:37:17
7502311500093,Guante Hultex Chico,59.0,20.0,0.0,PUEBLA,2026-09-10 00:01:35
7173,GUANTE LATEX NEGRO  CHICO INDUSTRIAL,16.0,40.0,25.0,LION TOOLS,2026-09-08 00:37:17
7175,GUANTE LATEX NEGRO GRANDE,20.0,40.0,0.0,LION TOOLS,2026-09-08 00:37:17
7174,GUANTE MEDIANO NEGRO INDUSTRIAL,4.0,40.0,0.0,LION TOOLS,2026-09-08 00:37:17
1031,GUANTE NEGRO,6.0,75.0,0.0,ASGA,2026-09-08 00:37:17
1030,GUANTE NEGRO ASGA,14.0,25.0,0.0,ASGA,2026-09-08 00:37:17
7178,GUANTE PALMA DE HULE GRANDE,0.0,65.0,0.0,LION TOOLS,2026-09-08 00:37:17
855,GUANTE PALMA DE LATEX,0.0,35.0,0.0,hogar (Eliminado 23/07/2024),2026-09-08 00:37:17
853,GUANTE PALMA DE LATEX CH,0.0,35.0,0.0,LION TOOLS,2026-09-08 00:37:17
854,GUANTE PALMA DE LATEX MEDIANO,1.0,35.0,0.0,LION TOOLS,2026-09-08 00:37:17
858,GUANTE PALMA DE NITRILO CHICO,1.0,25.0,18.0,LION TOOLS,2026-09-08 00:37:17
860,GUANTE PALMA DE NITRILO NEGRO GRANDE,0.0,25.0,15.0,LION TOOLS,2026-09-08 00:37:17
859,GUANTE PALMA DE NITRILO NEGRO MEDIANO,0.0,25.0,15.0,LION TOOLS,2026-09-08 00:37:17
614143061400,GUANTE ROJO MEDIANO,0.0,20.0,0.0,hogar (Eliminado 23/07/2024),2026-09-08 00:37:17
7177,GUANTES DE HULE MEDIANO,1.0,65.0,0.0,LION TOOLS,2026-09-08 00:37:17
7502311500109,GUANTES HULTEX #8,0.0,20.0,0.0,casa,2026-09-08 00:37:17
614143061431,GUANTES HULTEX CHICO7,0.0,20.0,0.0,PUEBLA,2026-09-08 00:37:17
251,GUIA ACERADA 30MTS,1.0,65.0,0.0,Herramientas (Eliminado 23/07/2024),2026-09-08 00:37:17
41,HACHA CAZADORA,2.0,180.0,0.0,LION TOOLS,2026-09-08 00:37:17
98859096274907,HDMI CABLE TRANSHINE,0.0,75.0,75.0,hogar (Eliminado 23/07/2024),2026-09-08 00:37:17
167,Hilo De Albañel Azul Calibre 90,6.0,50.0,0.0,LION TOOLS,2026-09-08 00:37:17
168,Hilo De Albañil Azul Calibre 100,5.0,55.0,0.0,LION TOOLS,2026-09-08 00:37:17
170,Hilo De Albañil Calibre 70,0.0,40.0,0.0,Herramientas (Eliminado 23/07/2024),2026-09-08 00:37:17
169,Hilo De Albañil Calibre 80,6.0,45.0,0.0,LION TOOLS,2026-09-08 00:37:17
HILO DE LION 100,Hilo Multiusos De 100x100m,5.0,80.0,0.0,LION TOOLS,2026-09-08 00:37:17
HILO LION 70,Hilo Multiusos De 70x100m,0.0,45.0,0.0,Herramientas (Eliminado 23/07/2024),2026-09-08 00:37:17
HILO LION 90,Hilo Multiusos De 90x100m,0.0,65.0,0.0,Herramientas (Eliminado 23/07/2024),2026-09-08 00:37:17
HILO-65,Hilo Para Albañil Blanco,0.0,25.0,0.0,Herramientas (Eliminado 23/07/2024),2026-09-08 00:37:17
HILO-165,Hilo Para Albañil Calibre 18 Blanco,1.0,55.0,0.0,Herramientas (Eliminado 23/07/2024),2026-09-08 00:37:17
7506240651789,Hilo Para Albañil Rojo,0.0,50.0,0.0,Herramientas (Eliminado 23/07/2024),2026-09-08 00:37:17
7501206671146,HILO REDONDO,0.0,50.0,0.0,Herramientas (Eliminado 23/07/2024),2026-09-08 00:37:17
7506240647881,Hilo Redondo Para Desbrozadora,1.0,45.0,0.0,TRUPER,2026-09-08 00:37:17
7506240647867,Hilo Redondo Para Desbrozadora,0.0,35.0,0.0,TRUPER,2026-09-08 00:37:17
7506240647874,Hilo Redondo Para Desbrozadora,0.0,40.0,0.0,TRUPER,2026-09-08 00:37:17
7506240647898,Hilo Redondo Para Desbrozadora,0.0,50.0,0.0,TRUPER,2026-09-08 00:37:17
7501206671153,HILO REDONDO VERDE,0.0,50.0,0.0,Herramientas (Eliminado 23/07/2024),2026-09-08 00:37:17
214,HOZ DENTADA 12,1.0,55.0,40.0,LION TOOLS,2026-09-08 00:37:17
212,HOZ DENTADA 7.5,15.0,40.0,0.0,LION TOOLS,2026-09-08 00:37:17
213,HOZ DENTADA 9,9.0,50.0,40.0,MACHETES (Eliminado 23/07/2024),2026-09-08 00:37:17
235,HOZ METAL,5.0,120.0,100.0,PUEBLA,2026-09-08 00:37:17
237,HOZ METALICO GRANDE,1.0,140.0,120.0,PUEBLA,2026-09-08 00:37:17
HOZ1,Hoz Sin Marca,1.0,90.0,80.0,MEXICO,2026-09-08 00:37:17
2016808115004,HQ-958,2.0,85.0,50.0,Herramientas (Eliminado 23/07/2024),2026-09-08 00:37:17
4895174139283,ILUMINARIO DE 1200W TOJO,2.0,95.0,60.0,Herramientas (Eliminado 23/07/2024),2026-09-08 00:37:17
4895174139269,ILUMINARIO DE LED 1200W VERDE,0.0,95.0,60.0,Herramientas (Eliminado 23/07/2024),2026-09-08 00:37:17
6920243188164,IMPERMEABLE  SENCILLO,7.0,50.0,0.0,MEXICO,2026-09-08 00:37:17
6920243191607,IMPERMEABLE ADULTO,1.0,130.0,100.0,hogar (Eliminado 23/07/2024),2026-09-08 00:37:17
6939610200217,IMPERMEABLE COMPLETO,4.0,220.0,190.0,MEXICO,2026-09-08 00:37:17
6920243191690,Impermeable Completo De Tela,5.0,260.0,190.0,- Sin Departamento - (Eliminado 13/07/2025),2026-09-08 00:37:17
6920243188003,IMPERMEABLE COMPLETO LARGO,5.0,220.0,160.0,PUEBLA,2026-09-08 00:37:17
6949671100296,IMPERMEABLE DE ADULTO,3.0,150.0,0.0,- Sin Departamento - (Eliminado 13/07/2025),2026-09-08 00:37:17
6920243181363,Impermeable De Adulto,11.0,70.0,0.0,- Sin Departamento - (Eliminado 13/07/2025),2026-09-08 00:37:17
IMPERMEABLE CAPA,IMPERMEABLE DE CAPA,2.0,200.0,140.0,HUAJUAPAN,2026-09-08 00:37:17
IMPERMEABLE,IMPERMEABLE DE CIERRE,2.0,190.0,140.0,casa,2026-09-17 16:28:43
6931686680993,IMPERMEABLE DE NIÑO,1.0,190.0,0.0,hogar (Eliminado 23/07/2024),2026-09-08 00:37:17
6951895560237,IMPERMEABLE DE NIÑO COLOR,0.0,60.0,40.0,SOMBRILLAS (Eliminado 23/07/2024),2026-09-08 00:37:17
IMPERMEABLE DE NIÑO,IMPERMEABLE DE NIÑO TRANSPARENTE,1.0,140.0,0.0,Herramientas (Eliminado 23/07/2024),2026-09-08 00:37:17
6920243191805,IMPERMEABLE DELGADO ?,0.0,100.0,0.0,hogar (Eliminado 23/07/2024),2026-09-08 00:37:17
6920243191829,IMPERMEABLE NIÑO,8.0,95.0,80.0,casa,2026-09-08 00:37:17
INRN,IMPERMEABLE NIÑO,1.0,150.0,0.0,casa,2026-09-08 00:37:17
6920243191706,Impermeable Niña/ Niño Zhuo Guang,2.0,120.0,65.0,- Sin Departamento - (Eliminado 13/07/2025),2026-09-08 00:37:17
6920243191553,Impermeable Niño,2.0,100.0,0.0,casa,2026-09-08 00:37:17
6920243191782,Impermeable Niño Spiderman,3.0,130.0,0.0,casa,2026-09-08 00:37:17
IMPERMEABLE NIÑO,IMPERMEABLE PARA NIÑO Con Diseño 3d,1.0,190.0,0.0,Herramientas (Eliminado 23/07/2024),2026-09-08 00:37:17
6920243188065,Impermeable Para Niña,4.0,130.0,0.0,casa,2026-09-08 00:37:17
6920243188249,Impermeable Para Niño,18.0,120.0,0.0,casa,2026-09-08 00:37:17
6920243191874,Impermeable Para Niño Zhuo Guang,1.0,80.0,70.0,hojar (Eliminado 23/07/2024),2026-09-08 00:37:17
1172,Impermeable Por Pieza,4.0,20.0,17.0,MEXICO,2026-09-08 00:37:17
IMPERMEABLE REF MANG,IMPERMEABLE REFORZADO DE MANGA/Cierre,7.0,180.0,130.0,HUAJUAPAN,2026-09-08 00:37:17
6720603502087,IMPERMEABLE SENCILLO CON DIBUJO DE NIÑO,5.0,120.0,0.0,Herramientas (Eliminado 23/07/2024),2026-09-08 00:37:17
6974313220025,Impermeable Transparente Adulto Mod 720,3.0,160.0,140.0,hogar (Eliminado 23/07/2024),2026-09-08 00:37:17
IMPERMEABLE TRANS SE,IMPERMEABLE TRANSPARENTE SENCILLO DE NIÑO,3.0,100.0,0.0,Herramientas (Eliminado 23/07/2024),2026-09-08 00:37:17
7501206696422,IMTERRUPTOR DE SEGURIDAD 2POLOS,0.0,295.0,250.0,TRUPER,2026-09-08 00:37:17
IN202,Interruptor,6.0,20.0,0.0,hogar (Eliminado 23/07/2024),2026-09-08 00:37:17
7501206656495,INTERRUPTOR DE 30A COD.46702,2.0,98.0,0.0,TRUPER,2026-09-08 00:37:17
7506240679462,Interruptor De Paso,0.0,20.0,18.0,FERREPAT,2026-09-08 00:37:17
7506229029226,Interruptor De Seguridad 2polos,0.0,330.0,0.0,hogar (Eliminado 23/07/2024),2026-09-08 00:37:17
7506240646792,Interruptor De Sobreponer Sencillo,1.0,18.0,11.0,hogar (Eliminado 23/07/2024),2026-09-08 00:37:17
JALADOR BIC MAX,JALADOR BIC MAX,1.0,45.0,0.0,ASGA,2026-09-08 00:37:17
152,JERGA,4.0,25.0,0.0,hogar (Eliminado 23/07/2024),2026-09-11 19:39:13
7506240692454,Juego Completo De W.C. De 2pz Foset,0.0,270.0,255.0,Baño (Eliminado 23/07/2024),2026-09-08 00:37:17
7501206698921,Juego Completo Para W.C. 2pz 2 Foset,0.0,170.0,160.0,Baño (Eliminado 23/07/2024),2026-09-08 00:37:17
6927780513015,JUEGO DE COLADERAS Y TAPAS,0.0,45.0,0.0,hogar (Eliminado 23/07/2024),2026-09-08 00:37:17
7506240608349,JUEGO DE COPLES Y CONECTORES TIPO M Y F,1.0,155.0,0.0,hogar (Eliminado 23/07/2024),2026-09-08 00:37:17
7501206664490,JUEGO DE DOS DESARMADORES,0.0,55.0,0.0,Herramientas (Eliminado 23/07/2024),2026-09-08 00:37:17
7501206660003,JUEGO DE MINI DESARMADOR PRETUL,0.0,50.0,0.0,Herramientas (Eliminado 23/07/2024),2026-09-08 00:37:17
7501206657133,JUEGO DE PUNTA GUIA,1.0,120.0,0.0,hogar (Eliminado 23/07/2024),2026-09-08 00:37:17
7501892855301,Juego De Sintas 6pz,1.0,55.0,0.0,- Sin Departamento - (Eliminado 13/07/2025),2026-09-08 00:37:17
116,JUEGO PARA LICUADORA,9.0,45.0,0.0,MEXICO,2026-09-08 00:37:17
7501942340535,Keer Cable Dúplex Spt-Pot Alucobre Calibre 18awg,1.0,2500.0,0.0,ASGA,2026-09-08 00:37:17
6988125700071,KF-AM07,1.0,350.0,250.0,BOCINA (Eliminado 23/07/2024),2026-09-08 00:37:17
6988125700187,KF-AM18,2.0,240.0,170.0,BOCINA (Eliminado 23/07/2024),2026-09-08 00:37:17
7506240671039,KIT PARA PINTAR TRUPER 4,1.0,120.0,0.0,Herramientas (Eliminado 23/07/2024),2026-09-08 00:37:17
7501102614322,Kola Loka Brocha 5g,4.0,30.0,20.0,- Sin Departamento - (Eliminado 13/07/2025),2026-09-08 00:37:17
7501102614001,KOLA LOKA GOTERO,10.0,30.0,20.0,PUEBLA,2026-09-08 00:37:17
7501102610003,Kola Loka ORIGINAL,4.0,30.0,20.0,MEXICO,2026-09-08 00:37:17
MOD.90,LADRON C/CADENA,14.0,30.0,25.0,PUEBLA,2026-09-08 00:37:17
MOD.1,LADRON S/CADENA,1.0,25.0,20.0,MEXICO,2026-09-08 00:37:17
6958330159865,LAMAPARA 3 CAMBIOS CHICA,0.0,100.0,65.0,MEXICO,2026-09-08 00:37:17
98859096275142,LAMAPARA BRIGHT HEADLIGHTS 03,9.0,130.0,80.0,- Sin Departamento - (Eliminado 13/07/2025),2026-09-08 00:37:17
98859096274454,LAMAPARA TRANSHINE TS-CE730,1.0,200.0,160.0,foco (Eliminado 23/07/2024),2026-09-08 00:37:17
2016808406911,LAMAPARA USB CHARGING HEADLIGHT,0.0,200.0,135.0,lampara (Eliminado 23/07/2024),2026-09-08 00:37:17
LED9201)30W=,Lampara,0.0,150.0,80.0,- Sin Departamento - (Eliminado 13/07/2025),2026-09-08 00:37:17
LED-9201,Lampara,0.0,150.0,80.0,- Sin Departamento - (Eliminado 13/07/2025),2026-09-08 00:37:17
7506240697367,LAMPARA 10W SENSOR DE LUZ,0.0,130.0,0.0,hogar (Eliminado 23/07/2024),2026-09-08 00:37:17
7506563901820,LAMPARA 5W ASGA,0.0,150.0,80.0,PUEBLA,2026-09-08 00:37:17
8867,LAMPARA 5W LION TOOLS,15.0,150.0,80.0,LION TOOLS,2026-09-08 00:37:17
7503039183988,Lampara Aguilamex Al-8078,0.0,280.0,160.0,casa,2026-09-08 00:37:17
98859096275143,LAMPARA BRIGHT HEAFLIGHTS,0.0,150.0,90.0,lampara (Eliminado 23/07/2024),2026-09-08 00:37:17
7503041866152,Lampara Caseria Dorras 30w Ds-4601,15.0,100.0,50.0,casa,2026-09-11 20:55:38
7503039183971,LAMPARA CHICA CAMUFLAJEADA,2.0,130.0,0.0,- Sin Departamento - (Eliminado 13/07/2025),2026-09-08 00:37:17
118,LAMPARA CHICA DE PILA,4.0,150.0,0.0,lampara (Eliminado 23/07/2024),2026-09-08 00:37:17
2016808246005,LAMPARA CHICA NEGRA,6.0,120.0,0.0,lampara (Eliminado 23/07/2024),2026-09-08 00:37:17
2016808570001,LAMPARA CON TOQUES 288,8.0,260.0,240.0,lampara (Eliminado 23/07/2024),2026-09-08 00:37:17
7500938153647,LAMPARA CON VENTILADOR,6.0,250.0,240.0,ASGA,2026-09-09 00:16:13
7500938090102,LAMPARA CON VENTILADOR DE TECHO,0.0,230.0,200.0,PUEBLA,2026-09-08 00:37:17
6971335099813,LAMPARA CONTRA AGUA FX 18W,0.0,100.0,60.0,MEXICO,2026-09-08 00:37:17
TD-1806,LAMPARA DE 3 CAMBIOS GRANDE,1.0,160.0,85.0,PUEBLA,2026-09-08 00:37:17
ZJ-1805,Lampara De 3 Cambios Mediana,6.0,140.0,80.0,MEXICO,2026-09-08 00:37:17
8843,LAMPARA DE 5W,13.0,150.0,120.0,LION TOOLS,2026-09-09 18:22:59
6927780931116,Lampara De Boton 30w,0.0,120.0,60.0,lampara (Eliminado 23/07/2024),2026-09-08 00:37:17
8840,LAMPARA DE CASERIA,0.0,140.0,100.0,LION TOOLS,2026-09-08 00:37:17
8865,Lampara De Caseria 1w Lion Tools,9.0,110.0,60.0,LION TOOLS,2026-09-08 00:37:17
6971335097895,Lampara De Caseria 25w FX,0.0,160.0,90.0,lampara (Eliminado 23/07/2024),2026-09-08 00:37:17
7503041866879,LAMPARA DE CASERIA 30W DORRAS,35.0,100.0,50.0,bvh,2026-09-08 00:37:17
7506563901813,LAMPARA DE CASERIA 3W Asga,2.0,120.0,70.0,ASGA,2026-09-08 00:37:17
AL-4602,Lampara De Caseria Boton/ 30w/ Aguilamex,0.0,100.0,50.0,PUEBLA,2026-09-08 00:37:17
7503050656478,LAMPARA DE CASERIA CON REGULADOR 30W,18.0,110.0,60.0,bvh,2026-09-08 00:37:17
LAMPARA DE 22W FX,Lampara De Caseria De 22w FX,1.0,150.0,90.0,lampara (Eliminado 23/07/2024),2026-09-08 00:37:17
2016808326004,Lampara De Caseria De 3 Cambios/150w/Luting,2.0,120.0,75.0,lampara (Eliminado 23/07/2024),2026-09-08 00:37:17
2016808324000,Lampara De Caseria De 3 Cambios/Grande/Luting,0.0,140.0,85.0,MEXICO,2026-09-08 00:37:17
2016808325007,Lampara De Caseria De 3 Cambios/Mediana/Luting,0.0,130.0,80.0,FERREPAT,2026-09-08 00:37:17
LAMPARA 30W FX,Lampara De Caseria De 30w FX,4.0,150.0,90.0,lampara (Eliminado 23/07/2024),2026-09-08 00:37:17
6952679146036,Lampara De Caseria De 40w XRT,6.0,80.0,50.0,MEXICO,2026-09-08 00:37:17
7503039422957,LAMPARA DE CASERIA DS-101/ DORRAS,11.0,280.0,160.0,casa,2026-09-08 00:37:17
7503175691774,Lampara De Caseria Goodwill 10w,4.0,140.0,90.0,lampara (Eliminado 23/07/2024),2026-09-08 00:37:17
7503175698032,Lampara De Caseria Goodwill 18w,1.0,150.0,90.0,lampara (Eliminado 23/07/2024),2026-09-08 00:37:17
7503175699268,Lampara De Caseria Goodwill 5w,0.0,100.0,50.0,lampara (Eliminado 23/07/2024),2026-09-08 00:37:17
8303175681787,Lampara De Caseria Goodwill Modelo:68178,12.0,160.0,90.0,lampara (Eliminado 23/07/2024),2026-09-08 00:37:17
YGZ-5032,Lampara De Caseria Jafepa Roja De 3w,51.0,130.0,75.0,PUEBLA,2026-09-09 18:39:55
LAMPARA JAFEPA 1W,Lampara De Caseria Jafepa/ Roja/ 1w.,2.0,100.0,70.0,lampara (Eliminado 23/07/2024),2026-09-08 00:37:17
YGZ-5052,Lampara De Caseria Jafepa/ Roja/ 5w,9.0,150.0,85.0,PUEBLA,2026-09-08 00:37:17
98859096275139,Lampara De Caseria JN-815 /JN-816,0.0,140.0,85.0,PUEBLA,2026-09-08 00:37:17
6503173826841,Lampara De Caseria Rino 10w,20.0,140.0,80.0,lampara (Eliminado 23/07/2024),2026-09-08 00:37:17
7503041866176,Lampara De Caseria/ 80w/ Dorras,16.0,180.0,150.0,ASGA,2026-09-08 00:37:17
6503172121701,LAMPARA DE LED 60W VENTILADOR,0.0,180.0,0.0,- Sin Departamento - (Eliminado 13/07/2025),2026-09-08 00:37:17
2016808114007,LAMPARA DE MANO,0.0,65.0,40.0,lampara (Eliminado 23/07/2024),2026-09-08 00:37:17
AL-185,LAMPARA DE MANO,0.0,65.0,0.0,lampara (Eliminado 23/07/2024),2026-09-08 00:37:17
98859096275146,LAMPARA DE MANO,0.0,55.0,0.0,lampara (Eliminado 23/07/2024),2026-09-08 00:37:17
HQ-958,Lampara De Mano,1.0,80.0,45.0,lampara (Eliminado 23/07/2024),2026-09-08 00:37:17
7503039422025,LAMPARA DE MANO DORRAS DS-P12,1.0,180.0,100.0,lampara (Eliminado 23/07/2024),2026-09-08 00:37:17
SS-902,LAMPARA DE MANO SHUNSHI,4.0,65.0,0.0,casa,2026-09-08 00:37:17
1461,LAMPARA DE NOCHE BUHO,3.0,40.0,30.0,LION TOOLS,2026-09-08 00:37:17
1462,LAMPARA DE NOCHE CONEJO,2.0,40.0,30.0,LION TOOLS,2026-09-08 00:37:17
1465,LAMPARA DE NOCHE DELFIN,0.0,40.0,30.0,hogar (Eliminado 23/07/2024),2026-09-08 00:37:17
1467,LAMPARA DE NOCHE FLOR,7.0,40.0,30.0,LION TOOLS,2026-09-08 00:37:17
1731,LAMPARA DE NOCHE FOCO BASE AZUL,0.0,40.0,30.0,hogar (Eliminado 23/07/2024),2026-09-08 00:37:17
1466,LAMPARA DE NOCHE LED HONGO,0.0,40.0,30.0,hogar (Eliminado 23/07/2024),2026-09-08 00:37:17
1732,LAMPARA DE NOCHE PANDA AZUL,1.0,40.0,30.0,LION TOOLS,2026-09-08 00:37:17
1463,LAMPARA DE NOCHE PAVOREAL,0.0,40.0,30.0,hogar (Eliminado 23/07/2024),2026-09-08 00:37:17
1464,LAMPARA DE NOCHE RANA,0.0,40.0,0.0,hogar (Eliminado 23/07/2024),2026-09-08 00:37:17
7500938012326,LAMPARA DECORATIVA,0.0,40.0,30.0,MEXICO,2026-09-08 00:37:17
LED01RGB,LAMPARA DECORATIVA 3W FX,3.0,40.0,30.0,foco (Eliminado 23/07/2024),2026-09-08 00:37:17
4895174142979,LAMPARA DECORATIVA 3W MEGALUZ,2.0,40.0,30.0,foco (Eliminado 23/07/2024),2026-09-08 00:37:17
7503041866183,Lampara Dorras 30w,1.0,100.0,65.0,MEXICO,2026-09-08 00:37:17
98859096275140,Lampara Dual,1.0,180.0,125.0,lampara (Eliminado 23/07/2024),2026-09-08 00:37:17
7506198125295,LAMPARA FILAMENTO 2WATTS,0.0,60.0,0.0,FOCO. (Eliminado 23/07/2024),2026-09-08 00:37:17
7506198169022,LAMPARA FILAMENTO 4WATTS LED,1.0,70.0,0.0,FOCO. (Eliminado 23/07/2024),2026-09-08 00:37:17
528651066423,LAMPARA HIGH POWER,0.0,100.0,65.0,- Sin Departamento - (Eliminado 13/07/2025),2026-09-08 00:37:17
2016808405914,LAMPARA HIGH POWER HEADLAMP,10.0,220.0,180.0,MEXICO,2026-09-08 00:37:17
LAMPARA,LAMPARA LASER,59.0,8.0,5.0,ASGA,2026-09-08 00:37:17
7500938016768,LAMPARA LED,1.0,50.0,0.0,MEXICO,2026-09-08 20:33:53
4895174139252,Lampara Led De 18w Azul,0.0,95.0,60.0,- Sin Departamento - (Eliminado 13/07/2025),2026-09-08 00:37:17
7506240695929,LAMPARA LED TIPO BULBO A19,1.0,145.0,0.0,hogar (Eliminado 23/07/2024),2026-09-08 00:37:17
7506198185541,LAMPARA LED UFO,1.0,210.0,0.0,Herramientas (Eliminado 23/07/2024),2026-09-08 00:37:17
2731,LAMPARA PORTATIL MULTIUSOS SOLAR,2.0,1200.0,0.0,Herramientas (Eliminado 23/07/2024),2026-09-08 00:37:17
2016808189005,LAMPARA POWER 150W LUTING,4.0,140.0,90.0,lampara (Eliminado 23/07/2024),2026-09-08 00:37:17
8832,LAMPARA RECARGABLE 1LED 1W,10.0,55.0,35.0,LION TOOLS,2026-09-08 18:12:14
7503175691767,LAMPARA RECARGABLE 5W GOODWILL,8.0,90.0,55.0,MEXICO,2026-09-08 00:37:17
8823,LAMPARA RECARGABLE PORTATIL DE EMERGENCIA,0.0,230.0,170.0,hogar (Eliminado 23/07/2024),2026-09-08 00:37:17
6051,Lampara Reflector Les 30w,2.0,220.0,0.0,LION TOOLS,2026-09-08 00:37:17
6052,Lampara Reflectora  Led 50w,0.0,320.0,310.0,LION TOOLS,2026-09-08 00:37:17
6053,Lampara Reflectora Led 100w,0.0,520.0,510.0,LION TOOLS,2026-09-08 00:37:17
8836,LAMPARA ROJA 3W+1.5W,0.0,150.0,130.0,LION TOOLS,2026-09-08 00:37:17
3174,Lampara Serie Led,1.0,1100.0,1000.0,LION TOOLS,2026-09-08 00:37:17
2828,LAMPARA SOLAR SERIE DE LUCES,1.0,950.0,0.0,LION TOOLS,2026-09-08 00:37:17
8321432605680,LAMPARA STRONG,1.0,150.0,85.0,ASGA,2026-09-08 00:37:17
TS-108,LAMPARA TRANSHINE,1.0,200.0,180.0,lampara (Eliminado 23/07/2024),2026-09-08 00:37:17
98859096274745,LAMPARA TRANSHINE HIGH POWER HEADLIGHT,4.0,170.0,150.0,lampara (Eliminado 23/07/2024),2026-09-08 00:37:17
98859096274296,LAMPARA TRANSHINE TS-CS008,1.0,150.0,130.0,lampara (Eliminado 23/07/2024),2026-09-08 00:37:17
98859096274557,Lampara Transhine Ts-He642,0.0,260.0,0.0,lampara (Eliminado 23/07/2024),2026-09-08 00:37:17
TS-HE641,LAMPARAS LISAS CHICAS,11.0,110.0,0.0,lampara (Eliminado 23/07/2024),2026-09-08 00:37:17
1730,LAMPÁRA DE NOCHE MONO ROSA,2.0,40.0,30.0,LION TOOLS,2026-09-08 00:37:17
LAPIZCROROJ630,Lapicero Rojo,31.0,6.0,0.0,MEXICO,2026-09-08 00:37:17
111,LED STRONG LIGHT FLASHLIGHT,0.0,260.0,180.0,lampara (Eliminado 23/07/2024),2026-09-08 00:37:17
LEDBOMBILLA,LEDBOMBILLA 10w,24.0,20.0,0.0,LION TOOLS,2026-09-08 00:37:17
2913,LENTE DE SEGURIDAD SPORT,0.0,65.0,0.0,hogar (Eliminado 23/07/2024),2026-09-08 00:37:17
7501206677520,LENTE DE SEGURIDAD TRUPER,0.0,70.0,0.0,hogar (Eliminado 23/07/2024),2026-09-08 00:37:17
862,LENTE SEGURIDAD CLARO,5.0,35.0,0.0,hogar (Eliminado 23/07/2024),2026-09-08 00:37:17
2797,LENTES,0.0,85.0,65.0,ASGA,2026-09-08 00:37:17
2790,LENTES DE SEGURIDA AMBAR CON FOAMY,0.0,50.0,0.0,hogar (Eliminado 23/07/2024),2026-09-08 00:37:17
2920,LENTES DE SEGURIDAD,2.0,45.0,0.0,LION TOOLS,2026-09-08 00:37:17
7502239099839,LENTES DE SEGURIDAD AKSI,0.0,45.0,0.0,hogar (Eliminado 23/07/2024),2026-09-08 00:37:17
863,LENTES DE SEGURIDAD OSCURO,1.0,35.0,30.0,hogar (Eliminado 23/07/2024),2026-09-08 00:37:17
7501206688854,LENTES DE SEGURIDAD TRUPER,0.0,70.0,0.0,hogar (Eliminado 23/07/2024),2026-09-08 00:37:17
7501139510147,LICUADORA AMERICAN COMPLETA ORIGINAL,0.0,580.0,0.0,hogar (Eliminado 23/07/2024),2026-09-08 00:37:17
34264001534,LICUADORA COMPLETA OSTER ORIGINAL,1.0,850.0,0.0,MEXICO,2026-09-08 00:37:17
1101,LIGHT FLASHLIGHT,2.0,250.0,230.0,lampara (Eliminado 23/07/2024),2026-09-08 00:37:17
966,LIJA DE AGUA,24.0,8.0,0.0,LION TOOLS,2026-09-08 00:37:17
968,LIJA DE AGUA 320,18.0,8.0,0.0,LION TOOLS,2026-09-08 00:37:17
965,Lija De Agua 9x11 Grano 220,13.0,8.0,5.0,Herramientas (Eliminado 23/07/2024),2026-09-08 21:23:02
961,LIJA DE AGUA GRANO 100,19.0,9.0,0.0,Herramientas (Eliminado 23/07/2024),2026-09-08 00:37:17
962,LIJA DE AGUA GRANO 120,2.0,8.0,0.0,Herramientas (Eliminado 23/07/2024),2026-09-08 00:37:17
963,LIJA DE AGUA GRANO 150,31.0,8.0,0.0,LION TOOLS,2026-09-08 00:37:17
964,LIJA DE AGUA GRANO 180,0.0,7.0,5.0,Herramientas (Eliminado 23/07/2024),2026-09-08 00:37:17
967,Lija De Agua Grano 280,15.0,8.0,6.0,Herramientas (Eliminado 23/07/2024),2026-09-08 00:37:17
969,Lija De Agua Grano 360,0.0,7.0,5.0,Herramientas (Eliminado 23/07/2024),2026-09-08 00:37:17
960,Lija De Agua Grano 80,16.0,7.0,5.0,Herramientas (Eliminado 23/07/2024),2026-09-08 00:37:17
978,Lija De Esmeril Grano 120,27.0,10.0,7.0,Herramientas (Eliminado 23/07/2024),2026-09-08 00:37:17
977,LIJA DE ESMERIL GRANO 80 MEDIANO,2.0,10.0,8.0,Herramientas (Eliminado 23/07/2024),2026-09-08 00:37:17
980,LIJA DE ESMERIL NEGRA GRANO 50 GRUESO,16.0,10.0,0.0,Herramientas (Eliminado 23/07/2024),2026-09-08 00:37:17
979,LIJA DE ESMERIL NEGRA PARA METAR GRANO 36 EXTRA GRANO,7.0,13.0,0.0,Herramientas (Eliminado 23/07/2024),2026-09-08 00:37:17
975,LIJA DE ESMERIL PARA MADERA GRANO 36 EXTRA GRUESO,9.0,12.0,10.0,Herramientas (Eliminado 23/07/2024),2026-09-09 01:17:40
976,LIJA DE ESMERIL PARA MADERA GRANO 50,9.0,10.0,0.0,Herramientas (Eliminado 23/07/2024),2026-09-08 00:37:17
982,Lija Esmeril Negra Para Metal Grano 120,21.0,8.0,6.0,Herramientas (Eliminado 23/07/2024),2026-09-08 00:37:17
17891645134850,Lima 6´nicholson,1.0,35.0,0.0,TRUPER,2026-09-15 00:25:29
7501206624210,LIMA CON MANGO,0.0,35.0,0.0,- Sin Departamento - (Eliminado 13/07/2025),2026-09-08 00:37:17
7500372007933,Lima De 6´´ Bellota,8.0,36.0,0.0,TRUPER,2026-09-09 17:53:39
171,Lima De Afilar Bellota,2.0,40.0,0.0,TRUPER,2026-09-08 00:37:17
37103333728,LIMA PLANA NICHOLSON 6,1.0,110.0,0.0,Herramientas (Eliminado 23/07/2024),2026-09-08 00:37:17
7506240664512,LIMA PLANA TRUPER,0.0,85.0,0.0,Herramientas (Eliminado 23/07/2024),2026-09-08 00:37:17
17502239099669,Lima Redonda Bastarda 4,12.0,30.0,0.0,Herramientas (Eliminado 23/07/2024),2026-09-08 00:37:17
7506240646235,LIMA REDONDA BASTARDA CON MANGO,1.0,70.0,0.0,Herramientas (Eliminado 23/07/2024),2026-09-08 00:37:17
174,Lima Redonda Chica,1.0,40.0,0.0,FERREPAT,2026-09-08 00:37:17
172,Lima Redonda Grande,1.0,60.0,0.0,LION TOOLS,2026-09-08 00:37:17
173,Lima Redonda Mediana,0.0,50.0,0.0,Herramientas (Eliminado 23/07/2024),2026-09-08 00:37:17
17502239099713,Lima Redonda Muza 6,10.0,40.0,0.0,Herramientas (Eliminado 23/07/2024),2026-09-08 00:37:17
57501206604590,LIMA TRIANGULAR SIN MANGO,5.0,35.0,0.0,ASGA,2026-09-08 00:37:17
57506240665118,Lima Triangulo Pesado Acabado Mango,3.0,30.0,25.0,TRUPER,2026-09-08 00:37:17
7506240650133,Lima Trianguloregulas Muza C/Mango,2.0,38.0,30.0,TRUPER,2026-09-08 00:37:17
LIMA TRUPER,Lima Truper Triangular,0.0,35.0,0.0,- Sin Departamento - (Eliminado 13/07/2025),2026-09-08 00:37:17
7501841000462,Limpia Hornos Mony 470 G,5.0,25.0,20.0,PUEBLA,2026-09-08 00:37:17
7501841000455,Limpiahornos Mony,0.0,20.0,0.0,hogar (Eliminado 23/07/2024),2026-09-08 00:37:17
LIMPIAVIDRIO,LIMPIAVIDRIO,1.0,45.0,0.0,ASGA,2026-09-08 00:37:17
7506240637493,Limunario Tipo Plafon 6w,0.0,100.0,90.0,hogar (Eliminado 23/07/2024),2026-09-08 00:37:17
8838,LINTERNA 1W 1LED,9.0,70.0,60.0,ASGA,2026-09-15 19:33:43
2862,LINTERNA BICICLETA,0.0,75.0,0.0,lampara (Eliminado 23/07/2024),2026-09-08 00:37:17
8833,LINTERNA DE MANO LIONTOOLS 1LED 5W,5.0,50.0,35.0,LION TOOLS,2026-09-08 00:37:17
8825,LINTERNA RECARGABLE,1.0,85.0,0.0,MEXICO,2026-09-08 00:37:17
LRC,LINTERNA RECARGABLE,5.0,95.0,65.0,LION TOOLS,2026-09-08 00:37:17
8831,Linterna Recargable 1 Led .5 W,8.0,50.0,35.0,Herramientas (Eliminado 23/07/2024),2026-09-08 00:37:17
8837,LINTERNA RECARGABLE 1LED 3W,10.0,110.0,75.0,LION TOOLS,2026-09-08 00:37:17
8835,LINTERNA RECARGABLE 1W+COB1W,3.0,85.0,65.0,LION TOOLS,2026-09-08 00:37:17
2829,LINTERNA RECARGABLE ALUMINIO,0.0,195.0,160.0,lampara (Eliminado 23/07/2024),2026-09-08 00:37:17
8871,LINTERNA RECARGABLE BICI 8W,1.0,110.0,0.0,MEXICO,2026-09-08 00:37:17
2846,LINTERNA RECARGABLE PARA BICI,2.0,150.0,0.0,LION TOOLS,2026-09-08 00:37:17
1622,Liston Fucible 30a,20.0,25.0,0.0,hogar (Eliminado 23/07/2024),2026-09-08 00:37:17
6927799682184,LITHIUM BATTERY,37.0,35.0,0.0,hogar (Eliminado 23/07/2024),2026-09-08 00:37:17
6927799682177,LITHIUM BATTERY 3V,12.0,35.0,0.0,hogar (Eliminado 23/07/2024),2026-09-08 00:37:17
FX-9811,LITHIUM BATTERY LED HEAD LAMP,1.0,160.0,110.0,MEXICO,2026-09-08 00:37:17
1925,LLANA CANTO DENTADO CUADRADO,0.0,70.0,0.0,Herramientas (Eliminado 23/07/2024),2026-09-08 00:37:17
1920,LLANA CANTO RECTO,0.0,85.0,0.0,LION TOOLS,2026-09-08 00:37:17
1923,LLANA CANTO RECTO,1.0,70.0,0.0,LION TOOLS,2026-09-08 00:37:17
6683,Llanta Carretilla Completa 16,2.0,260.0,195.0,LION TOOLS,2026-09-08 00:37:17
6680,Llanta Carretilla Completa Imponchable 16,1.0,400.0,320.0,LION TOOLS,2026-09-08 00:37:17
8266,Llanta Carretilla Sola 16,0.0,150.0,100.0,LION TOOLS,2026-09-08 00:37:17
5092,Llanta Diablo Aire Completa 10,1.0,180.0,130.0,LION TOOLS,2026-09-08 00:37:17
2930,LLAVE,1.0,65.0,0.0,LION TOOLS,2026-09-08 00:37:17
6087,LLAVE,2.0,30.0,0.0,LION TOOLS,2026-09-08 00:37:17
7501206695739,LLAVE 172 FOSET,1.0,80.0,0.0,hogar (Eliminado 23/07/2024),2026-09-08 00:37:17
2933,LLAVE COMBINADA,0.0,85.0,0.0,LION TOOLS,2026-09-08 00:37:17
2935,LLAVE COMBINADA,3.0,110.0,0.0,LION TOOLS,2026-09-08 00:37:17
2936,LLAVE COMBINADA,4.0,110.0,0.0,LION TOOLS,2026-09-08 00:37:17
2932,LLAVE COMBINADA CON MATRACA,0.0,65.0,0.0,LION TOOLS,2026-09-08 00:37:17
2934,LLAVE COMBINADA CON MATRACA,2.0,95.0,0.0,LION TOOLS,2026-09-08 00:37:17
2931,LLAVE CONBINADA CON MATRACA,5.0,75.0,0.0,Herramientas (Eliminado 23/07/2024),2026-09-08 00:37:17
6092,LLAVE CONBINADA ESTANDAR,3.0,85.0,0.0,Herramientas (Eliminado 23/07/2024),2026-09-08 00:37:17
6091,LLAVE CONBINADA ESTANDAR,1.0,75.0,0.0,Herramientas (Eliminado 23/07/2024),2026-09-08 00:37:17
6090,LLAVE CONBINADA ESTANDAR,3.0,65.0,0.0,Herramientas (Eliminado 23/07/2024),2026-09-08 00:37:17
6089,LLAVE CONBINADA ESTANDAR,0.0,55.0,0.0,Herramientas (Eliminado 23/07/2024),2026-09-08 00:37:17
6088,LLAVE CONBINADA ESTANDAR,0.0,45.0,0.0,Herramientas (Eliminado 23/07/2024),2026-09-08 00:37:17
6086,LLAVE CONBINADA ESTANDAR,2.0,35.0,0.0,Herramientas (Eliminado 23/07/2024),2026-09-08 00:37:17
2984.,LLAVE CONVINADA,7.0,30.0,0.0,LION TOOLS,2026-09-08 00:37:17
2984,LLAVE CONVINADA 9PZZS,1.0,195.0,0.0,LION TOOLS,2026-09-08 00:37:17
7506240630470,Llave De Nariz Para Jardin De Plastico Pretul 1/2,0.0,40.0,35.0,Herramientas (Eliminado 23/07/2024),2026-09-08 00:37:17
391,Llave De Paso 1/2,1.0,35.0,0.0,Herramientas (Eliminado 23/07/2024),2026-09-08 00:37:17
1901,Llave Esfera Cuerpo Zinc 1/2,9.0,55.0,40.0,LION TOOLS,2026-09-08 00:37:17
2592,LLAVE HEXAGONAL,0.0,75.0,0.0,Herramientas (Eliminado 23/07/2024),2026-09-08 00:37:17
1452,Llave Hexagonales 8 Piezas,3.0,22.0,15.0,LION TOOLS,2026-09-08 21:23:02
2882,LLAVE MULTIUSOS,0.0,130.0,0.0,LION TOOLS,2026-09-08 00:37:17
7501206617977,LLAVE PARA BROQUERO 3/8 TRUPER,1.0,70.0,0.0,Herramientas (Eliminado 23/07/2024),2026-09-08 00:37:17
1898,LLAVE PARA JARDIN 1/2,3.0,55.0,30.0,LION TOOLS,2026-09-11 19:37:40
2381,LLAVE PARA TANQUE DE GAS CROMADA,1.0,75.0,0.0,Herramientas (Eliminado 23/07/2024),2026-09-08 00:37:17
6195,LLAVE PERICA CROMADA,1.0,140.0,0.0,hogar (Eliminado 23/07/2024),2026-09-08 00:37:17
6194,LLAVE PERICA CROMADA,1.0,110.0,0.0,hogar (Eliminado 23/07/2024),2026-09-08 00:37:17
6196,LLAVE PERICA CROMADA,2.0,65.0,0.0,LION TOOLS,2026-09-08 00:37:17
6193,Llave Perica Cromada 8,1.0,70.0,50.0,Herramientas (Eliminado 23/07/2024),2026-09-08 00:37:17
7506240608004,LLAVE PRETUL 1/2,0.0,80.0,0.0,hogar (Eliminado 23/07/2024),2026-09-08 00:37:17
5105,LLAVE STILSON,0.0,340.0,0.0,Herramientas (Eliminado 23/07/2024),2026-09-08 00:37:17
7854,LLAVE STILSON,0.0,500.0,0.0,Herramientas (Eliminado 23/07/2024),2026-09-08 00:37:17
5104,Llave Stilson,3.0,170.0,0.0,Herramientas (Eliminado 23/07/2024),2026-09-08 00:37:17
5022,LLAVE STYLSON,0.0,110.0,0.0,LION TOOLS,2026-09-08 00:37:17
5023,LLAVE STYLSON,2.0,130.0,0.0,LION TOOLS,2026-09-08 00:37:17
7115,LLAVE STYLSON,0.0,80.0,0.0,LION TOOLS,2026-09-08 00:37:17
2881,Llave Tamper 9pz,1.0,100.0,0.0,Herramientas (Eliminado 23/07/2024),2026-09-08 00:37:17
206,LLAVERO,7.0,35.0,0.0,hogar (Eliminado 23/07/2024),2026-09-08 00:37:17
1453,Llaves Hexagonales 8 Pzs Milimetricas,2.0,25.0,0.0,LION TOOLS,2026-09-08 00:37:17
1454,Llaves Torx Lion Tools,0.0,70.0,45.0,Herramientas (Eliminado 23/07/2024),2026-09-08 00:37:17
8400,LONA,0.0,70.0,45.0,LION TOOLS,2026-09-08 00:37:17
LONA VINIL 2X3,Lona De Vinil / O Tipo Carro 2x3,2.0,650.0,450.0,LONA,2026-09-08 00:37:17
LONA VINIL 3X3,Lona De Vinil / O Tipo Carro 3x3,2.0,900.0,675.0,PUEBLA,2026-09-08 00:37:17
LONA VINIL 3X4,Lona De Vinil / O Tipo Carro 3x4,3.0,1200.0,900.0,LONAS,2026-09-08 00:37:17
LONA VINIL 4X6,Lona De Vinil / O Tipo Carro 4 X 6,1.0,2800.0,2400.0,LONA,2026-09-08 00:37:17
LONA VINIL 4X4,Lona De Vinil / O Tipo Carro 4x4,2.0,1600.0,1200.0,LONAS,2026-09-08 00:37:17
LONA VINIL 4X5,Lona De Vinil /O De Carro 4x5,1.0,2000.0,1500.0,LONAS,2026-09-08 00:37:17
LONA VINIL 5X6,LONA DE VINIL 5X6,1.0,3300.0,0.0,PUEBLA,2026-09-08 00:37:17
LONA DE VINIL 6X9,Lona De Vinil/O De Carro 6x9,0.0,5450.0,4050.0,LONAS,2026-09-08 00:37:17
LONA DURAFLEX 4X5,Lona Durafles Tipo Vinil 4x5,1.0,2200.0,1800.0,PUEBLA,2026-09-08 00:37:17
LONA DURAFLEX 4X4,Lona Duraflex Tipo Vinil 4x4,0.0,1760.0,1440.0,LONAS,2026-09-08 00:37:17
LONA DURAFLEX 4X6,Lona Duraflex Tipo Vinil 4x6,1.0,2800.0,2160.0,PUEBLA,2026-09-08 00:37:17
1147,Lona Negra Lion Tools 1.5x2,0.0,100.0,60.0,LONAS,2026-09-08 00:37:17
8300,Lona Negra Lion Tools 1.5x2 SENCILLA,2.0,45.0,35.0,LONAS,2026-09-08 00:37:17
110203AF,Lona Reforzada 2 X 3 Azul Fuerte,13.0,200.0,0.0,LONAS,2026-09-08 00:37:17
110203AB,Lona Reforzada 2x3 Azul/Blanco,3.0,150.0,85.0,LONAS,2026-09-08 00:37:17
120203AN,Lona Reforzada 2x3 Azul/Naranja,9.0,150.0,85.0,LONAS,2026-09-08 00:37:17
180203GN,Lona Reforzada 2x3 Gris/Negro,0.0,200.0,90.0,casa,2026-09-08 00:37:17
180203RA,Lona Reforzada 2x3 Rojo/Amarrillo,7.0,200.0,100.0,ASGA,2026-09-08 00:37:17
LRNG3X3,Lona Reforzada 3X3 Gris Con Negro,2.0,200.0,140.0,LONAS,2026-09-11 19:40:44
3035GN,Lona Reforzada 3x3.5 Gris/Negro,0.0,250.0,160.0,LONAS,2026-09-08 00:37:17
120304AN,Lona Reforzada 3x4 Azul/Naranja,0.0,320.0,160.0,LONAS,2026-09-08 00:37:17
180304GN,Lona Reforzada 3x4 Gris/Negro,0.0,350.0,165.0,casa,2026-09-09 17:34:02
180305GN,Lona Reforzada 3x5 Gris/Negro,0.0,450.0,245.0,LONA,2026-09-08 00:37:17
180405GN,Lona Reforzada 4x5 Gris/Negro,2.0,500.0,300.0,LONAS,2026-09-08 00:37:17
180406GN,Lona Reforzada 4x6 Gris/Negro,0.0,550.0,365.0,LONA,2026-09-08 00:37:17
LONA REFORZADA 4X7,Lona Reforzada 4x7 Gris/Negro,0.0,650.0,450.0,LONAS,2026-09-08 00:37:17
180506GN,Lona Reforzada 5x6 Gris/Negro,4.0,600.0,450.0,LONAS,2026-09-08 00:37:17
180507GN,Lona Reforzada 5x7 Gris/Negro,4.0,750.0,500.0,PUEBLA,2026-09-08 00:37:17
1806012GN,Lona Reforzada 6x12 Gris/Negro,1.0,1400.0,1100.0,LONA,2026-09-08 00:37:17
18069GN,Lona Reforzada 6x9 Gris/Negro,3.0,1200.0,800.0,LONA,2026-09-08 00:37:17
180710GN,Lona Reforzada 7x10 Gris/Negro,0.0,1400.0,1050.0,LONA,2026-09-08 00:37:17
180812GN,Lona Reforzada 8x12 Gris/Negro,1.0,2000.0,1600.0,LONA,2026-09-08 00:37:17
180914GN,Lona Reforzada 9x14 Gris/Negro,1.0,2400.0,2000.0,LONAS,2026-09-08 00:37:17
110102GN,Lona Reforzada De 1.5 X 2 M,13.0,70.0,50.0,PUEBLA,2026-09-09 18:06:50
100203AZ,Lona Sencilla 2x3 AZUL Y GRIS,2.0,100.0,60.0,LONA,2026-09-17 16:17:29
LS2X3V,LONA SENCILLA 2X3VERDE,3.0,60.0,40.0,LONAS,2026-09-11 00:28:04
100304AZ,Lona Sencilla 3x4 Azul,9.0,200.0,160.0,LONAS,2026-09-08 20:42:37
110304AG,Lona Sencilla 3x4 Azul/G,4.0,200.0,120.0,PUEBLA,2026-09-08 00:37:17
10035AZ,Lona Sencilla 3x5 Azul,0.0,250.0,190.0,LONA,2026-09-08 00:37:17
100405AZ,Lona Sencilla 4x5,0.0,250.0,180.0,LONA,2026-09-08 00:37:17
100406AZ,Lona Sencilla 4x6 Azul,0.0,300.0,220.0,LONAS,2026-09-08 00:37:17
10057,Lona Sencilla 5x7  Gris,1.0,600.0,310.0,LONAS,2026-09-08 00:37:17
110507AG,Lona Sencilla 5x7 Azul/G,2.0,600.0,310.0,LONAS,2026-09-08 00:37:17
100615AZ,Lona Sencilla 6x15 Azul,2.0,1300.0,900.0,LONAS,2026-09-08 00:37:17
8402,Lonalion Tools 3x3 Reforzada,1.0,200.0,160.0,LONAS,2026-09-08 00:37:17
115,LR1130,1.0,25.0,20.0,hogar (Eliminado 23/07/2024),2026-09-08 00:37:17
7503048422023,LT-40 LION TOOLS,1.0,50.0,40.0,LION TOOLS,2026-09-08 00:37:17
4895174140777,LUMINARIO DE LED,1.0,70.0,50.0,- Sin Departamento - (Eliminado 13/07/2025),2026-09-08 00:37:17
7502265247020,LUMINARIO DE LED PARA PLAFON 2W,4.0,180.0,0.0,lampara (Eliminado 23/07/2024),2026-09-08 00:37:17
7506198184384,LUMINARIO DE SOBREPONER DE LED CIRCULAR,0.0,200.0,0.0,hogar (Eliminado 23/07/2024),2026-09-08 00:37:17
7506434203510,LUMINARIO LED PLAFON 12W,2.0,140.0,0.0,lampara (Eliminado 23/07/2024),2026-09-08 00:37:17
7500938019387,LUMINARIO ROJO TIANLAI,21.0,50.0,30.0,MEXICO,2026-09-08 00:37:17
7500938019417,LUMINARIO ROSA TIANLAI,23.0,50.0,30.0,MEXICO,2026-09-08 00:37:17
2814,LUMINARIO SOLAR 4W FIJO,1.0,600.0,450.0,hogar (Eliminado 23/07/2024),2026-09-08 00:37:17
2815,LUMINARIO SOLAR 8W,3.0,1000.0,0.0,Herramientas (Eliminado 23/07/2024),2026-09-08 00:37:17
2844,Luminario Solar Colgante 2w,1.0,430.0,320.0,hogar (Eliminado 23/07/2024),2026-09-08 00:37:17
2730,LUMINARIO SOLAR REDONDO,1.0,1400.0,1000.0,hogar (Eliminado 23/07/2024),2026-09-08 00:37:17
7506240637516,Luminario Tipo Platon De 12w,0.0,150.0,135.0,FERREPAT,2026-09-08 00:37:17
7500938019394,LUMINARIO VERDE TIANLAI,31.0,50.0,30.0,MEXICO,2026-09-08 00:37:17
808,LUTING SWAT FLASHLINGHT,0.0,200.0,180.0,MEXICO,2026-09-08 00:37:17
670739024426,LUZ DE LED RECARGABLE,6.0,160.0,120.0,MEXICO,2026-09-08 00:37:17
7500938050793,Luz Led Tianlai 5m Modelo:tl-21,0.0,250.0,200.0,MEXICO,2026-09-08 00:37:17
765957310304,MACHETE COLLINS 24,1.0,180.0,0.0,DON RAMON,2026-09-08 00:37:17
228,MACHETE DE MUELLE,1.0,500.0,0.0,MACHETES (Eliminado 23/07/2024),2026-09-08 00:37:17
229,MACHETE DE MUELLE,1.0,950.0,0.0,MACHETES (Eliminado 23/07/2024),2026-09-08 00:37:17
3006,MACHETE MANGO PLASTICO 14,7.0,80.0,70.0,LION TOOLS,2026-09-08 00:37:17
3007,MACHETE MANGO PLASTICO 16,2.0,85.0,75.0,LION TOOLS,2026-09-08 00:37:17
3008,MACHETE MANGO PLASTICO 18,20.0,90.0,75.0,LION TOOLS,2026-09-08 00:37:17
3009,MACHETE MANGO PLASTICO 20,2.0,100.0,80.0,LION TOOLS,2026-09-08 00:37:17
3010,MACHETE MANGO PLASTICO 22,5.0,110.0,85.0,LION TOOLS,2026-09-08 00:37:17
7501206610046,Machete Naranja Truper 14´´,0.0,110.0,95.0,Herramientas (Eliminado 23/07/2024),2026-09-08 00:37:17
7501206610060,Machete Naranja Truper 18´´,0.0,120.0,100.0,Herramientas (Eliminado 23/07/2024),2026-09-08 00:37:17
7501206612323,Machete Naranja Truper 22´´,0.0,140.0,120.0,Herramientas (Eliminado 23/07/2024),2026-09-08 00:37:17
7501206625859,Machete Negro Pretul 16´´,0.0,120.0,100.0,Herramientas (Eliminado 23/07/2024),2026-09-08 00:37:17
7501206625873,Machete Negro Truper 20´´,0.0,175.0,165.0,hogar (Eliminado 23/07/2024),2026-09-08 00:37:17
7501206638149,MACHETE RANCHERO CURVO,1.0,215.0,0.0,Herramientas (Eliminado 23/07/2024),2026-09-08 00:37:17
7501206638132,MACHETE RANCHERO RECTO,1.0,200.0,0.0,Herramientas (Eliminado 23/07/2024),2026-09-08 00:37:17
7891112013841,MACHETE TRAMONTINA MANGO DE MADERA 10,0.0,200.0,0.0,MACHETES (Eliminado 23/07/2024),2026-09-08 00:37:17
7891112011625,MACHETE TRAMONTINA MANGO DE MADERA 12,2.0,235.0,0.0,MACHETES (Eliminado 23/07/2024),2026-09-08 00:37:17
7891112011649,MACHETE TRAMONTINA MANGO DE MADERA 16,0.0,250.0,0.0,FERREPAT,2026-09-08 00:37:17
7891112013926,MACHETE TRAMONTINA MANGO DE MADERA 20,0.0,300.0,0.0,MACHETES (Eliminado 23/07/2024),2026-09-08 00:37:17
7891112011632,MACHETE TRAMOTINA MANGO DE MADERA 14,1.0,245.0,0.0,MACHETES (Eliminado 23/07/2024),2026-09-08 00:37:17
7501206625897,Machete Truper Negro 24´´,0.0,120.0,110.0,hogar (Eliminado 23/07/2024),2026-09-08 00:37:17
2940,MALLA 2X3 CON ARGOLLA,0.0,210.0,0.0,ASGA,2026-09-08 00:37:17
2942,MALLA 3X4 MALLA Y MECATE,2.0,420.0,0.0,casa,2026-09-08 00:37:17
2943,MALLA 4X5 ARGOLLA,1.0,600.0,0.0,ASGA,2026-09-08 00:37:17
124514,Malla Mosquetera CHICA,7.0,30.0,0.0,FERREPAT,2026-09-08 00:37:17
124516,MALLA MOSQUETERA GRANDE,3.0,45.0,0.0,FERREPAT,2026-09-08 00:37:17
124515,MALLA MOSQUETERA MEDIANA,14.0,35.0,0.0,FERREPAT,2026-09-08 00:37:17
286,MALLA SOMBRA 2x3,4.0,200.0,120.0,casa,2026-09-09 23:27:00
299,MALLA SOMBRA 2X4,1.0,350.0,0.0,ASGA,2026-09-08 00:37:17
287,MALLA SOMBRA 3x4,3.0,450.0,240.0,PUEBLA,2026-09-08 00:37:17
288,MALLA SOMBRA 3x5,1.0,500.0,375.0,PUEBLA,2026-09-08 00:37:17
289,MALLA SOMBRA 4x5 OJILLO,1.0,650.0,400.0,LONA,2026-09-11 18:33:04
290,MALLA SOMBRA 4X6,2.0,750.0,480.0,casa,2026-09-08 00:37:17
291,MALLA SOMBRA 5X7,0.0,1200.0,800.0,PUEBLA,2026-09-08 00:37:17
293,MALLA SOMBRA 6X12,2.0,2000.0,1600.0,LONAS,2026-09-08 00:37:17
292,MALLA SOMBRA 6X9,2.0,1500.0,1350.0,LONAS,2026-09-08 00:37:17
294,MALLA SOMBRA C/ARGOLLA 3X4,2.0,550.0,360.0,lonas (Eliminado 23/07/2024),2026-09-08 00:37:17
8433,MALLA SOMBRA LAZO Y ARGOLLA 4X6,2.0,850.0,0.0,casa,2026-09-08 00:37:17
1023,Mallasombra 3.60x5 Lion Tools,1.0,750.0,500.0,lonas (Eliminado 23/07/2024),2026-09-08 00:37:17
1071,Mallasombra 3x3.60 Lion tools,5.0,600.0,400.0,lonas (Eliminado 23/07/2024),2026-09-08 00:37:17
M C M,MALLASOMBRA CON MECATE 2X3,1.0,180.0,150.0,casa,2026-09-08 00:37:17
MANDIL,MANDIL,2.0,75.0,0.0,PUEBLA,2026-09-08 00:37:17
3165140587488,MANDRIL PORTA BROCAS UNIVERSAL BROQUEROS,1.0,220.0,0.0,- Sin Departamento - (Eliminado 13/07/2025),2026-09-08 00:37:17
3165140587495,MANDRIL PORTA BROCAS UNIVERSAL DE MEDIA PULGADA BROQUERO,1.0,200.0,0.0,Herramientas (Eliminado 23/07/2024),2026-09-08 00:37:17
FGA-10X100,MANGUERA 1M METALICA,1.0,95.0,0.0,hogar (Eliminado 23/07/2024),2026-09-08 00:37:17
7501206691892,MANGUERA 2 CAPAS PRETUL 10 MTS AZUL,0.0,160.0,130.0,JARDINERIA (Eliminado 23/07/2024),2026-09-08 00:37:17
7501206653340,MANGUERA 2 CAPAS PRETUL 10MTS VERDE,0.0,160.0,130.0,JARDINERIA (Eliminado 23/07/2024),2026-09-08 00:37:17
7501206653357,MANGUERA 2 CAPAS PRETUL 15 MTS VERDE,0.0,220.0,180.0,JARDINERIA (Eliminado 23/07/2024),2026-09-08 00:37:17
7501206691939,MANGUERA 2 CAPAS PRETUL 15MTS AZUL,0.0,220.0,180.0,JARDINERIA (Eliminado 23/07/2024),2026-09-08 00:37:17
7502209075634,MANGUERA 2M METALICA,2.0,130.0,0.0,DON RAMON,2026-09-08 00:37:17
7501206604991,MANGUERA 3CAPA TRUPER 10MTS,1.0,220.0,200.0,TRUPER,2026-09-08 00:37:17
7501206653371,Manguera 3capa Truper 15m,0.0,350.0,290.0,FERREPAT,2026-09-08 00:37:17
7502209075641,MANGUERA 3M METALICA,1.0,150.0,0.0,DON RAMON,2026-09-08 00:37:17
7502209070547,MANGUERA 5M METALICA,3.0,220.0,0.0,DON RAMON,2026-09-08 00:37:17
MANGUERA GAS,MANGUERA AMARILLA POR METRO,22.0,17.0,15.0,TRUPER,2026-09-08 00:37:17
7502209076105,MANGUERA DE GAS 2M NEGRA,6.0,120.0,0.0,DON RAMON,2026-09-08 00:37:17
7502209076136,MANGUERA DE GAS NEGRA 5MTS,2.0,195.0,0.0,DON RAMON,2026-09-09 17:36:32
7501206698358,Manguera Flexible De Vinilo,1.0,65.0,0.0,- Sin Departamento - (Eliminado 13/07/2025),2026-09-08 00:37:17
3255,MANGUERA FLEXIBLE PARA FREGADERO 55CM 1/2X1/2,1.0,40.0,30.0,hogar (Eliminado 23/07/2024),2026-09-08 00:37:17
3256.,MANGUERA FLEXIBLE PARA LAVABO  40CM 1/2X1/2,2.0,40.0,30.0,hogar (Eliminado 23/07/2024),2026-09-08 00:37:17
3257,MANGUERA FLEXIBLE PARA W.C. 35CM 1/2X7/8,1.0,40.0,30.0,hogar (Eliminado 23/07/2024),2026-09-08 00:37:17
MN50M,Manguera Naranja 50 M,0.0,320.0,0.0,HUAJUAPAN,2026-09-08 00:37:17
MANGUERANA,MANGUERA NARANJA CORRUGADA 3/4,1.0,350.0,0.0,DON RAMON,2026-09-08 00:37:17
17501206668563,Manguera Naranja Truper Con Guia 3/4,0.0,540.0,0.0,TRUPER,2026-09-08 00:37:17
7502209076112,MANGUERA NEGRA DE GAS 3M,2.0,140.0,0.0,casa,2026-09-08 00:37:17
MN1/2,MANGUERA NEGRA ROLLO,0.0,550.0,0.0,DON RAMON,2026-09-08 00:37:17
137,MANGUERA PARA FOGON MEDIANO,0.0,270.0,0.0,hogar (Eliminado 23/07/2024),2026-09-08 00:37:17
7502209075665,MANGUERA PARA GAS ALUMINIO 5M,4.0,195.0,0.0,DON RAMON,2026-09-08 00:37:17
MR12,Manguera Roja,10.0,150.0,110.0,bvh,2026-09-08 00:37:17
7501206605011,MANGUERA TRICAPA TRUPER 20MTS,2.0,400.0,370.0,TRUPER,2026-09-08 00:37:17
7501206605004,MANGUERA TRUPER 15 M,2.0,275.0,250.0,ASGA,2026-09-08 00:37:17
MNV100,Manguera Verde Para Agua,0.0,750.0,700.0,DON RAMON,2026-09-08 00:37:17
MVPM,MANGUERA VERDE POR METRO,10.0,10.0,9.0,DON RAMON,2026-09-08 00:37:17
MVPMP,MANGUERA VERDE POR METRO PULGADA,38.0,20.0,18.0,DON RAMON,2026-09-08 00:37:17
610696749635,Marca Paola Bomba P/garrafon (verde) “la Nueva” Bmts,1.0,50.0,0.0,ASGA,2026-09-08 00:37:17
6930691015011,Marcador Permanente Super Color,0.0,15.0,8.3,papeleria (Eliminado 23/07/2024),2026-09-08 00:37:17
6927780221019,Marcador Punta Gruesa,9.0,10.0,7.0,Herramientas (Eliminado 23/07/2024),2026-09-08 00:37:17
7501206630303,MARRO OCTAGONAL 2LBS MANGO DE ENCINO,0.0,230.0,0.0,FERREPAT,2026-09-08 00:37:17
7501206635483,MARRO TIPO MACETA 2LBS CON MANGO,1.0,160.0,0.0,TRUPER,2026-09-08 00:37:17
7501206630310,MARRO TIPO MACETA 3 LB,0.0,200.0,180.0,TRUPER,2026-09-08 00:37:17
7501206633045,MARRO TIPO MACETA 4LB,0.0,260.0,240.0,TRUPER,2026-09-08 00:37:17
3062,MARTELINA TALACHO PICO BOCA ECONOMICA CON MANGO,0.0,180.0,150.0,Herramientas (Eliminado 23/07/2024),2026-09-08 00:37:17
2117,MARTILLO CHICO LION TOOLS,1.0,110.0,0.0,Herramientas (Eliminado 23/07/2024),2026-09-08 00:37:17
7501206632918,MARTILLO CHICO PRETUL,0.0,125.0,0.0,Herramientas (Eliminado 23/07/2024),2026-09-08 00:37:17
7891114143485,MARTILLO TRAMONTINA,1.0,160.0,0.0,LION TOOLS,2026-09-08 00:37:17
73,MARTILLO UÑA CURVA,2.0,100.0,0.0,LION TOOLS,2026-09-08 00:37:17
71,MARTILLO UÑA CURVA,0.0,75.0,0.0,LION TOOLS,2026-09-08 00:37:17
72,MARTILLO UÑA RECTA,0.0,120.0,0.0,LION TOOLS,2026-09-08 00:37:17
7506183802002,MATA MOSCO KLEIMAN,9.0,85.0,0.0,casa,2026-09-08 00:37:17
MATAMOSCA,MATAMOSCA ECONOMICO,5.0,10.0,0.0,ASGA,2026-09-08 00:37:17
MATAMOSCA2,MATAMOSCA FLEXIBLE,6.0,15.0,0.0,ASGA,2026-09-08 00:37:17
MG2,Matamosca Flexible,0.0,15.0,10.0,PUEBLA,2026-09-08 00:37:17
7403,Mazo De Hule,0.0,40.0,25.0,LION TOOLS,2026-09-08 00:37:17
7405,Mazo De Hule 24oz,0.0,65.0,0.0,Herramientas (Eliminado 23/07/2024),2026-09-08 00:37:17
7404,MAZO HULE MANGO MADERA,0.0,50.0,35.0,Herramientas (Eliminado 23/07/2024),2026-09-08 00:37:17
MECATE VERDE GRUESO,MECATE 1/2K VERDE GRUESO,3.0,60.0,50.0,oaxaca,2026-09-08 00:37:17
MECATE 1K VERDE GRUE,MECATE 1K CERDE GRUESO,8.0,120.0,110.0,oaxaca,2026-09-08 00:37:17
MECATE 1K NARANJA G,MECATE 1K NARANJA GRUESO,14.0,120.0,110.0,oaxaca,2026-09-08 00:37:17
MECATE1,MECATE DE 1/2K,7.0,65.0,0.0,casa,2026-09-15 19:38:43
MECATE2,MECATE DE 1K,4.0,120.0,0.0,casa,2026-09-08 00:37:17
7508462153782,Memoria 16g Clover,2.0,100.0,80.0,memorias,2026-09-08 00:37:17
7502292732575,Memoria 16g KM Color Rojo,1.0,100.0,80.0,memorias,2026-09-08 00:37:17
7502292733008,Memoria 16g KM Color Rosa,0.0,100.0,80.0,memorias,2026-09-08 00:37:17
7502292732230,Memoria 16g KM Color Verde,0.0,100.0,80.0,memorias,2026-09-08 00:37:17
7500463484094,MEMORIA 16GB FLASH DRIVE,0.0,100.0,0.0,hogar (Eliminado 23/07/2024),2026-09-08 00:37:17
6603,Memoria 16gb Kingston,0.0,160.0,100.0,memorias,2026-09-08 00:37:17
7503024582383,MEMORIA 16GB STYLOS SINMUSICA,0.0,100.0,60.0,memorias,2026-09-08 00:37:17
11480059,Memoria Adata  32gb Blanco/Negro,7.0,130.0,110.0,memorias,2026-09-08 00:37:17
11580147,MEMORIA ADATA 16GB,1.0,100.0,75.0,hogar (Eliminado 23/07/2024),2026-09-08 00:37:17
4718050609604,MEMORIA ADATA 16GB,2.0,100.0,75.0,Herramientas (Eliminado 23/07/2024),2026-09-08 00:37:17
11480061,Memoria Adata Azul 32gb,2.0,130.0,110.0,memorias,2026-09-08 00:37:17
11580521,Memoria data,10.0,120.0,80.0,memorias,2026-09-08 00:37:17
11580524,Memoria DATA 16gb,12.0,100.0,80.0,LION TOOLS,2026-09-08 00:37:17
11480065,Memoria Data 32gb,14.0,130.0,110.0,LION TOOLS,2026-09-08 00:37:17
11780593,Memoria DATA 64gb,1.0,160.0,120.0,memorias,2026-09-08 00:37:17
113,MEMORIA STYLOS 16GB CON MUSICA,0.0,120.0,80.0,HUAJUAPAN,2026-09-08 00:37:17
7503024582390,MEMORIA USB 32GB STYLOS,1.0,130.0,90.0,Herramientas (Eliminado 23/07/2024),2026-09-08 00:37:17
7500647005404,MEMORIA USB16GB QUARONI,2.0,100.0,60.0,Herramientas (Eliminado 23/07/2024),2026-09-08 00:37:17
232,Mensula Acero Negra,5.0,10.0,10.0,LION TOOLS,2026-09-08 00:37:17
3112,Mensula Acero Negro,0.0,10.0,0.0,LION TOOLS,2026-09-08 00:37:17
234,Mensula Acero Negro,4.0,15.0,0.0,LION TOOLS,2026-09-08 00:37:17
3114,MENSULA DE ACERO 10X12,13.0,20.0,0.0,Herramientas (Eliminado 23/07/2024),2026-09-08 00:37:17
3108,MENSULA DE ACERO 12X14 BYN,10.0,25.0,0.0,LION TOOLS,2026-09-08 00:37:17
3110,MENSULA DE ACERO 4X5 BLANCO,20.0,8.0,0.0,LION TOOLS,2026-09-09 00:21:30
231,MENSULA DE ACERO 4X5 NEGRO,16.0,8.0,0.0,hogar (Eliminado 23/07/2024),2026-09-08 00:37:17
3111,MENSULA DE ACERO 5X6 BLANCA,10.0,12.0,0.0,Herramientas (Eliminado 23/07/2024),2026-09-17 16:15:43
233,MENSULA DE ACERO 6X8 NEGRA,11.0,15.0,0.0,Herramientas (Eliminado 23/07/2024),2026-09-14 22:49:23
3113,MENSULA DE ACERO 8X10,15.0,15.0,0.0,Herramientas (Eliminado 23/07/2024),2026-09-08 00:37:17
3109,Mensulas,19.0,25.0,0.0,LION TOOLS,2026-09-08 00:37:17
MGA 5020,METRO CADENA 5M,1.0,195.0,0.0,hogar (Eliminado 23/07/2024),2026-09-08 00:37:17
MMPG,Metro De Mangera Para Gas,100.0,46.66,0.0,HUAJUAPAN,2026-09-08 00:37:17
4713435794043,MICRO CD 16GB,13.0,130.0,130.0,MEXICO,2026-09-08 00:37:17
740617298680,MICRO CD 32GB KINGSTON,3.0,150.0,120.0,hogar (Eliminado 23/07/2024),2026-09-08 00:37:17
740617298697,MICRO CD 64GB KINGSTON,0.0,180.0,180.0,hogar (Eliminado 23/07/2024),2026-09-08 00:37:17
7502279780544,MICROFIBRA,2.0,15.0,0.0,ASGA,2026-09-08 00:37:17
157,MICROFIBRA Chica,3.0,15.0,12.5,PUEBLA,2026-09-08 00:37:17
1233634,Microfibra Grande,41.0,25.0,15.0,PUEBLA,2026-09-08 00:37:17
8805,MIJERAS MULTIUSOS 10,9.0,60.0,35.0,hogar (Eliminado 23/07/2024),2026-09-08 00:37:17
7506240637950,Mini Bomba Manual Para Bicicleta,1.0,200.0,185.0,hogar (Eliminado 23/07/2024),2026-09-08 00:37:17
7502237250423,MINI ESCOBA PERICO,4.0,35.0,0.0,ASGA,2026-09-08 00:37:17
2,Mini Laser,0.0,15.0,10.0,lampara (Eliminado 23/07/2024),2026-09-08 00:37:17
7506086600729,MITZU PILAS DE LITIO,2.0,35.0,0.0,hogar (Eliminado 23/07/2024),2026-09-08 00:37:17
98859096274355,MOBILE PHONE FOR CAR,1.0,150.0,110.0,hogar (Eliminado 23/07/2024),2026-09-08 00:37:17
5800,Molino  Del Rey,1.0,580.0,0.0,FERREPAT,2026-09-08 00:37:17
7702561142436,Molino Estrella,1.0,750.0,700.0,FERREPAT,2026-09-08 00:37:17
7707231530032,Molino Victoria,0.0,700.0,680.0,- Sin Departamento - (Eliminado 13/07/2025),2026-09-08 00:37:17
4512345678906,MOSQUICIDA EL DEVORADOR 1L,10.0,55.0,0.0,casa,2026-09-08 00:37:17
7506240674566,MULTICONECTOR PARA TINACO,7.0,150.0,0.0,TRUPER,2026-09-08 00:37:17
7506283700932,Multicontacto,1.0,80.0,0.0,ASGA,2026-09-08 00:37:17
7501206661673,MULTICONTACTO 4ENTRADAS VOLTECK,0.0,110.0,0.0,hogar (Eliminado 23/07/2024),2026-09-08 00:37:17
7501206661727,MULTICONTACTO 8ENTRADAS VOLTECK,0.0,170.0,0.0,hogar (Eliminado 23/07/2024),2026-09-08 00:37:17
2355553206774,MULTICONTACTO MAINCRAFT5,0.0,85.0,55.0,MEXICO,2026-09-08 00:37:17
7506240646099,MULTICONTACTO VOLTECK DE COLORES,2.0,90.0,0.0,TRUPER,2026-09-08 00:37:17
7501206661680,MULTICONTACTP 6ENTRADAS VOLTECK,1.0,130.0,0.0,hogar (Eliminado 23/07/2024),2026-09-08 00:37:17
GA-272U,MULTIFUNCION WIRELESS,0.0,140.0,0.0,hogar (Eliminado 23/07/2024),2026-09-08 00:37:17
5958,Multimetro Digital 7 Funciones,0.0,100.0,65.0,LION TOOLS,2026-09-08 00:37:17
5344,MULTIMETRO ELECTRICO,0.0,45.0,0.0,LION TOOLS,2026-09-08 00:37:17
VT-903B,MUSIC RECEIVER,0.0,100.0,100.0,hogar (Eliminado 23/07/2024),2026-09-08 00:37:17
NARANJERO,NARANJERO,1.0,650.0,580.0,PUEBLA,2026-09-08 00:37:17
8588,NAVAJA,0.0,180.0,0.0,NAVAJAS,2026-09-08 00:37:17
9469,NAVAJA,0.0,160.0,0.0,NAVAJAS,2026-09-08 00:37:17
9470,NAVAJA,0.0,220.0,0.0,LION TOOLS,2026-09-08 00:37:17
9471,NAVAJA,2.0,120.0,0.0,NAVAJAS,2026-09-08 00:37:17
9505,NAVAJA,1.0,140.0,0.0,NAVAJAS,2026-09-08 00:37:17
9518,NAVAJA,1.0,75.0,0.0,LION TOOLS,2026-09-08 00:37:17
8583,NAVAJA,2.0,140.0,0.0,NAVAJAS,2026-09-08 00:37:17
9462,NAVAJA,0.0,150.0,0.0,NAVAJAS,2026-09-08 00:37:17
9566,NAVAJA,1.0,120.0,0.0,LION TOOLS,2026-09-08 00:37:17
6602,NAVAJA,0.0,95.0,0.0,NAVAJAS,2026-09-08 00:37:17
9495,NAVAJA,0.0,60.0,0.0,LION TOOLS,2026-09-08 00:37:17
9480,NAVAJA,0.0,150.0,0.0,NAVAJAS,2026-09-09 00:46:06
9559,NAVAJA,0.0,90.0,0.0,NAVAJAS,2026-09-08 00:37:17
9506,Navaja,0.0,180.0,150.0,LION TOOLS,2026-09-08 00:37:17
875,NAVAJA 11 USOS,4.0,150.0,100.0,LION TOOLS,2026-09-08 00:37:17
876,Navaja 17 Usos,1.0,200.0,180.0,Herramientas (Eliminado 23/07/2024),2026-09-08 00:37:17
68494,NAVAJA AUTOMATICA  RAZZZ CON DIBUJO DE UN CABALLERO,0.0,180.0,160.0,Herramientas (Eliminado 23/07/2024),2026-09-08 00:37:17
68483,NAVAJA AUTOMATICA CON MANGO TRIANGULAR,1.0,200.0,190.0,Herramientas (Eliminado 23/07/2024),2026-09-08 00:37:17
68289,NAVAJA AUTOMATICA RAZZZ  DE 3 PUNTITOS,0.0,180.0,160.0,Herramientas (Eliminado 23/07/2024),2026-09-08 00:37:17
68653,NAVAJA AUTOMATICA RAZZZ AZUL C/ ROJO,1.0,160.0,150.0,Herramientas (Eliminado 23/07/2024),2026-09-08 00:37:17
335,NAVAJA AUTOMATICA RAZZZ CARA DE UN MONO O CALACA,0.0,190.0,180.0,Herramientas (Eliminado 23/07/2024),2026-09-08 00:37:17
68095,NAVAJA AUTOMATICA RAZZZ CON 3 PUNTITOD GRANDES Y 7 PEQUEÑOS,0.0,180.0,160.0,Herramientas (Eliminado 23/07/2024),2026-09-08 00:37:17
68090,NAVAJA AUTOMATICA RAZZZ CON 4 PUNTOS Y 1 ESTRELLA,0.0,195.0,180.0,Herramientas (Eliminado 23/07/2024),2026-09-08 00:37:17
333,NAVAJA AUTOMATICA RAZZZ CON 6 HUECOS,0.0,160.0,150.0,Herramientas (Eliminado 23/07/2024),2026-09-08 00:37:17
69597,NAVAJA AUTOMATICA RAZZZ CON CRUZ,0.0,180.0,160.0,Herramientas (Eliminado 23/07/2024),2026-09-08 00:37:17
329,"NAVAJA AUTOMATICA RAZZZ CON IMAGEN DE MONTAÑAS, ISLA Y UN DELFIN",0.0,185.0,170.0,Herramientas (Eliminado 23/07/2024),2026-09-08 00:37:17
68100,NAVAJA AUTOMATICA RAZZZ CON MADERA Y 3 RAYAS,0.0,190.0,180.0,LION TOOLS,2026-09-08 00:37:17
68600,NAVAJA AUTOMATICA RAZZZ CON PUNTITOS,0.0,130.0,120.0,Herramientas (Eliminado 23/07/2024),2026-09-08 00:37:17
69166,NAVAJA AUTOMATICA RAZZZ CON UN AGUILA,0.0,150.0,140.0,Herramientas (Eliminado 23/07/2024),2026-09-08 00:37:17
68460,NAVAJA AUTOMATICA RAZZZ IMAGEN DE PISTOLA,0.0,180.0,160.0,LION TOOLS,2026-09-08 00:37:17
68493,NAVAJA AUTOMATICA RAZZZ TIPO PESCADO COLOR AZUL/ROJO,0.0,180.0,160.0,Herramientas (Eliminado 23/07/2024),2026-09-08 00:37:17
3228,NAVAJA AUTOMATICA SPIDERMAN,1.0,160.0,150.0,Herramientas (Eliminado 23/07/2024),2026-09-08 00:37:17
7085,NAVAJA CACHA AZUL,0.0,195.0,0.0,LION TOOLS,2026-09-08 00:37:17
7087,NAVAJA CACHA DE MADERA,1.0,220.0,0.0,LION TOOLS,2026-09-08 00:37:17
68096,NAVAJA CON ESTRELLA Y PUNTO,0.0,140.0,0.0,LION TOOLS,2026-09-08 00:37:17
9567,NAVAJA DE MONTE MANGO TIPO HUESO,1.0,200.0,0.0,LION TOOLS,2026-09-08 00:37:17
9569,NAVAJA DE MONTE TIPO MARIPOSA LLAMAS,2.0,220.0,200.0,LION TOOLS,2026-09-08 00:37:17
6591,Navaja De Muelle 3,2.0,150.0,130.0,LION TOOLS,2026-09-08 00:37:17
332,NAVAJA DOBLE RAZZZ NEGRO/GRIS,0.0,210.0,200.0,Herramientas (Eliminado 23/07/2024),2026-09-08 00:37:17
8801038200019,Navaja Dorco 10 Blades,10.0,15.0,0.0,casa,2026-09-08 00:37:17
9454,NAVAJA MANGO DE MADERA,2.0,120.0,0.0,LION TOOLS,2026-09-08 00:37:17
71443,NAVAJA METALICA CON DISEÑO,0.0,160.0,0.0,LION TOOLS,2026-09-08 00:37:17
336,NAVAJA METALICA CON UNA LINEA DE MADERA,0.0,80.0,0.0,Herramientas (Eliminado 23/07/2024),2026-09-08 00:37:17
68512,NAVAJA MINI  MANGO DE MADERA,0.0,85.0,0.0,LION TOOLS,2026-09-08 00:37:17
3,NAVAJA MINI DE METAL,0.0,75.0,0.0,LION TOOLS,2026-09-08 00:37:17
9556,NAVAJA MONTE,1.0,85.0,0.0,NAVAJAS,2026-09-08 00:37:17
8580,NAVAJA MONTE BUFALO,1.0,165.0,140.0,hogar (Eliminado 23/07/2024),2026-09-08 00:37:17
9433,NAVAJA MONTE CACHA CALACA,1.0,290.0,270.0,Herramientas (Eliminado 23/07/2024),2026-09-08 00:37:17
9404,NAVAJA MONTE CAMUFLAJE,1.0,260.0,220.0,Herramientas (Eliminado 23/07/2024),2026-09-08 00:37:17
9405,NAVAJA MONTE CAMUFLAJE,1.0,260.0,240.0,Herramientas (Eliminado 23/07/2024),2026-09-08 00:37:17
364,NAVAJA MONTE CAMUFLAJE VERDE RAZZZ,1.0,280.0,260.0,Herramientas (Eliminado 23/07/2024),2026-09-08 00:37:17
9482,NAVAJA MONTE GANCHO,0.0,150.0,120.0,Herramientas (Eliminado 23/07/2024),2026-09-08 00:37:17
9407,NAVAJA MONTE HOJA CLAMUFLAJE,0.0,400.0,320.0,Herramientas (Eliminado 23/07/2024),2026-09-08 00:37:17
9437,NAVAJA MONTE HOJA PAVONADA,0.0,220.0,180.0,Herramientas (Eliminado 23/07/2024),2026-09-08 00:37:17
8565,NAVAJA MONTE JOK,0.0,200.0,180.0,LION TOOLS,2026-09-08 00:37:17
9443,NAVAJA MONTE MANGO BIMATERIAL ROJO,0.0,300.0,280.0,Herramientas (Eliminado 23/07/2024),2026-09-08 00:37:17
9457,NAVAJA MONTE MANGO CALAVERAS,1.0,185.0,170.0,hogar (Eliminado 23/07/2024),2026-09-08 00:37:17
9500,NAVAJA MONTE MANGO LOBOS,1.0,180.0,0.0,LION TOOLS,2026-09-08 00:37:17
9568,NAVAJA MONTE MANGO TIPO HUESO,0.0,220.0,200.0,hogar (Eliminado 23/07/2024),2026-09-08 00:37:17
9557,NAVAJA MONTE PAVONADA,0.0,140.0,120.0,LION TOOLS,2026-09-09 18:17:49
9560,NAVAJA MONTE PAVONADA CRUZ,0.0,180.0,160.0,LION TOOLS,2026-09-08 00:37:17
365,NAVAJA MONTE RAZZZ,0.0,300.0,260.0,NAVAJAS,2026-09-08 00:37:17
363,NAVAJA MONTE RAZZZ NEGRO DELGADO,0.0,250.0,220.0,Herramientas (Eliminado 23/07/2024),2026-09-08 00:37:17
9571,NAVAJA MONTE TIPO MARIPOSA CALAVERAS,1.0,220.0,200.0,Herramientas (Eliminado 23/07/2024),2026-09-08 00:37:17
9573,NAVAJA MONTE TIPO MARIPOSA DORADA,0.0,220.0,200.0,LION TOOLS,2026-09-08 00:37:17
8593,NAVAJA MONTE TIPO MARIPOSA ESTRELLA,0.0,220.0,200.0,Herramientas (Eliminado 23/07/2024),2026-09-08 00:37:17
9570,NAVAJA MONTE TIPO MARIPOSA GANCHO TORNASOL,1.0,220.0,200.0,LION TOOLS,2026-09-08 00:37:17
9574,NAVAJA MONTE TIPO MARIPOSA NEGRA,1.0,220.0,170.0,Herramientas (Eliminado 23/07/2024),2026-09-08 00:37:17
9572,NAVAJA MONTE TIPO MARIPOSA PLATA,1.0,220.0,200.0,hogar (Eliminado 23/07/2024),2026-09-08 00:37:17
9585,NAVAJA MONTE TIPO MARIPOSA TORNASOL,1.0,220.0,200.0,Herramientas (Eliminado 23/07/2024),2026-09-08 00:37:17
9575,NAVAJA MONTE TIPO MARIPOSA TORNASOL,0.0,220.0,200.0,LION TOOLS,2026-09-08 00:37:17
9314,NAVAJA MULTIHERRAMIENTA,3.0,150.0,100.0,hogar (Eliminado 23/07/2024),2026-09-08 00:37:17
9313,NAVAJA MULTIHERRAMIENTA NEGRO,0.0,150.0,130.0,hogar (Eliminado 23/07/2024),2026-09-08 00:37:17
326,NAVAJA MULTIUSOS GRIS CON HUEQUITOS,1.0,130.0,120.0,Herramientas (Eliminado 23/07/2024),2026-09-08 00:37:17
69072,NAVAJA NEGA AZUL,0.0,140.0,0.0,LION TOOLS,2026-09-08 00:37:17
362,NAVAJA NEGRA,0.0,160.0,0.0,Herramientas (Eliminado 23/07/2024),2026-09-08 00:37:17
68088,NAVAJA NEGRA CON MADERA,1.0,140.0,0.0,LION TOOLS,2026-09-08 00:37:17
68097,NAVAJA NEGRA MADERA,2.0,140.0,0.0,LION TOOLS,2026-09-08 00:37:17
69595,NAVAJA NEGRA TOTAL,2.0,140.0,0.0,LION TOOLS,2026-09-08 00:37:17
7523175990073,NAVAJA PLEGABLE 007M,0.0,85.0,0.0,PUEBLA,2026-09-08 00:37:17
367,NAVAJA PUNTA,0.0,240.0,220.0,Herramientas (Eliminado 23/07/2024),2026-09-08 00:37:17
68488,NAVAJA RAZ MANGO METALICO,0.0,150.0,0.0,LION TOOLS,2026-09-08 00:37:17
7501206641194,NAVAJA RETRACTIL,0.0,30.0,0.0,Herramientas (Eliminado 23/07/2024),2026-09-08 00:37:17
7501206685082,Navaja Retractil 18mm,0.0,45.0,35.0,hogar (Eliminado 23/07/2024),2026-09-08 00:37:17
7501206641170,NAVAJA RETRACTIL PRETUL,0.0,20.0,18.0,Herramientas (Eliminado 23/07/2024),2026-09-08 00:37:17
7501206645376,Navaja Retractil Pretul Fierro,1.0,80.0,65.0,papeleria (Eliminado 23/07/2024),2026-09-08 00:37:17
68098,NAVAJA ROJO AZUL,1.0,140.0,0.0,LION TOOLS,2026-09-08 00:37:17
2505081535208,NAVAJAS JAFEPADE ACERO INOX,15.0,20.0,0.0,ASGA,2026-09-16 20:45:51
7501206685006,Negro Mate Pintura En Aerosol,0.0,95.0,0.0,FERREPAT,2026-09-08 00:37:17
2395,NIPLE TERMINAL 1/2,0.0,35.0,0.0,PUEBLA,2026-09-08 00:37:17
268,Niple Terminal 3/8 (10mm) - 1/2 (13mm) Para Alta,1.0,30.0,0.0,FERREPAT,2026-09-08 00:37:17
276,Niple Terminal 3/8-3/8 47428,4.0,30.0,0.0,FERREPAT,2026-09-08 00:37:17
267,Niple Union,0.0,25.0,0.0,conexiones para gas (Eliminado 23/07/2024),2026-09-11 19:37:40
1607,NIVEL ALUMINIO 36,0.0,225.0,0.0,LION TOOLS,2026-09-08 00:37:17
1608,NIVEL ALUMINIO 48,0.0,250.0,0.0,LION TOOLS,2026-09-08 00:37:17
1590,NIVEL DE PLASTICO 12,0.0,65.0,50.0,LION TOOLS,2026-09-08 00:37:17
1591,NIVEL DE PLASTICO 16,0.0,70.0,60.0,LION TOOLS,2026-09-08 00:37:17
1592,NIVEL DE PLASTICO 18,0.0,70.0,55.0,LION TOOLS,2026-09-08 00:37:17
1593,NIVEL DE PLASTICO 20,0.0,80.0,0.0,LION TOOLS,2026-09-08 00:37:17
1594,NIVEL DE PLASTICO 24,0.0,85.0,70.0,LION TOOLS,2026-09-08 00:37:17
OCOTE,OCOTE,0.0,15.0,0.0,HUAJUAPAN,2026-09-08 00:37:17
2016808941702,Ojo De Venado Camuflajeada,0.0,280.0,160.0,lampara (Eliminado 23/07/2024),2026-09-08 00:37:17
2016808940002,Ojo De Venado Normal,0.0,250.0,150.0,- Sin Departamento - (Eliminado 13/07/2025),2026-09-08 00:37:17
7506080660385,Omega  70g,0.0,85.0,0.0,Herramientas (Eliminado 23/07/2024),2026-09-08 00:37:17
98859096274420,OTG CONNECT KID,12.0,35.0,25.0,hogar (Eliminado 23/07/2024),2026-09-08 00:37:17
7501138102008,OTG USB ANDROID COMPATIBLE V8,3.0,40.0,0.0,hogar (Eliminado 23/07/2024),2026-09-08 00:37:17
30,OTG USB TYPE-C,3.0,40.0,0.0,hogar (Eliminado 23/07/2024),2026-09-08 00:37:17
PABELLONDEL,PABELLON DELGADO,2.0,170.0,0.0,casa,2026-09-08 00:37:17
PABELLONGR,PABELLON GRUESO,2.0,220.0,0.0,casa,2026-09-08 00:37:17
PA93,Pabellon Rectangular,0.0,170.0,120.0,hogar (Eliminado 23/07/2024),2026-09-08 00:37:17
PABELLONARO,Pabellon Redondo / Aro,2.0,170.0,160.0,ASGA,2026-09-08 00:37:17
262,PALA DE PICO BELLOTA,0.0,240.0,0.0,Herramientas (Eliminado 23/07/2024),2026-09-08 00:37:17
PP65,Papillero Oster,2.0,65.0,0.0,PUEBLA,2026-09-08 00:37:17
2355553205067,PAQ DE CANDADOS MAINCRAFT,8.0,250.0,0.0,hogar (Eliminado 23/07/2024),2026-09-08 00:37:17
2355553205685,PAQ DE TIJERAS DE 3PZS,20.0,45.0,35.0,PUEBLA,2026-09-08 00:37:17
PAQ.PILA AA.TECTRON,PAQ. PILA AA. TECTRON,12.0,45.0,0.0,hogar (Eliminado 23/07/2024),2026-09-08 00:37:17
8801038200026,Paq.Navaja Dorco 10 Paquetes,0.0,110.0,0.0,HUAJUAPAN,2026-09-08 00:37:17
PIEDRA PARA MOLINO,Par De Piedra Para Molino,2.0,180.0,0.0,bvh,2026-09-08 00:37:17
184,Para Lavamanos,0.0,20.0,0.0,hogar (Eliminado 23/07/2024),2026-09-08 00:37:17
857,Parche Para Camara,0.0,25.0,15.0,LION TOOLS,2026-09-08 00:37:17
PARRILLA1,Parrilla Azul 1 Quemador,1.0,1600.0,1500.0,PUEBLA,2026-09-08 00:37:17
PARRILLA,PARRILLA DE 1 QUEMADOR,0.0,800.0,0.0,PUEBLA,2026-09-08 00:37:17
PARRILLA2,Parrilla De 2 Quemadores,0.0,2100.0,2000.0,PUEBLA,2026-09-08 00:37:17
PARRILLA3,Parrilla De 3 Quemadores,1.0,2600.0,2500.0,PUEBLA,2026-09-08 00:37:17
7506240647270,PARRILLA ELECTRICA  2 QUEMADORES DOBLE VOLTECK,0.0,480.0,0.0,TRUPER,2026-09-08 00:37:17
5386,PARRILLA ELECTRICA 1 QUEMADOR LION TOOLS,0.0,220.0,0.0,LION TOOLS,2026-09-08 00:37:17
7506240647263,PARRILLA ELECTRICA 1QUEMADOR VOLTECK,11.0,280.0,0.0,FERREPAT,2026-09-08 22:13:52
5385,PARRILLA ELECTRICA 2QUEMADORES LION TOOLS,1.0,350.0,0.0,LION TOOLS,2026-09-08 00:37:17
7506240699828,Parrilla Electrica Sencilla 1 Quemador Volteck Negro,1.0,240.0,220.0,- Sin Departamento - (Eliminado 13/07/2025),2026-09-08 00:37:17
PARRILLAGRIS1,PARRILLA GRIS  1QUEMADOR CHICA,1.0,1800.0,0.0,ASGA,2026-09-08 00:37:17
7502309732796,PASADOR DE BARRIL,0.0,30.0,0.0,Herramientas (Eliminado 23/07/2024),2026-09-08 00:37:17
7506240610076,PASADOR DE BARRIL 2,0.0,25.0,0.0,Herramientas (Eliminado 23/07/2024),2026-09-08 00:37:17
7506240625773,Pasta Para Soldar Truper,0.0,35.0,0.0,Herramientas (Eliminado 23/07/2024),2026-09-08 00:37:17
184564478000104812,PASTILLA 15 AMPERES,10.0,100.0,0.0,FERREPAT,2026-09-08 00:37:17
104586278000604718,PASTILLA 40 AMPERES,1.0,100.0,0.0,FERREPAT,2026-09-08 00:37:17
358,PASTILLA IUSA 20A,9.0,85.0,0.0,FERREPAT,2026-09-08 00:37:17
357,PASTILLA IUSA 30A,1.0,100.0,0.0,FERREPAT,2026-09-08 00:37:17
356,Pastilla Iusa 40A,0.0,150.0,0.0,FERREPAT,2026-09-08 00:37:17
PCC22,Pecgera Cachorro Completo Estampado,3.0,160.0,0.0,mascotas (Eliminado 23/07/2024),2026-09-08 00:37:17
PCEC22,Pechera Cachorro Estampado Color,6.0,90.0,0.0,mascotas (Eliminado 23/07/2024),2026-09-08 00:37:17
PCECB22,Pechera Cachorro Estampado Completa C/Broche,2.0,90.0,0.0,mascotas (Eliminado 23/07/2024),2026-09-08 00:37:17
PCECB23,Pechera Cachorro Estampado Completo C/Broche,1.0,85.0,0.0,mascotas (Eliminado 23/07/2024),2026-09-08 00:37:17
PCLC22,Pechera Cachorro Liso Completo,6.0,60.0,0.0,mascotas (Eliminado 23/07/2024),2026-09-08 00:37:17
PECHERAS1,Pechera Chica,7.0,100.0,0.0,mascotas (Eliminado 23/07/2024),2026-09-08 00:37:17
PCCE33,Pechera Chica Completa Estampado,0.0,150.0,0.0,mascotas (Eliminado 23/07/2024),2026-09-08 00:37:17
PCCL33,Pechera Chica Completa Lisa,0.0,120.0,0.0,mascotas (Eliminado 23/07/2024),2026-09-08 00:37:17
PCLCB22,Pechera Completa Liso Cachorro C/Broche,1.0,85.0,0.0,mascotas (Eliminado 23/07/2024),2026-09-08 00:37:17
PCLCT22,Pechera Completa Liso Cachorro Tela,1.0,95.0,0.0,mascotas (Eliminado 23/07/2024),2026-09-08 00:37:17
PCN2U,Pechera Completa N.2,0.0,200.0,0.0,mascotas (Eliminado 23/07/2024),2026-09-08 00:37:17
6927780814488,Pega Mosca Green Killer Amarillo,0.0,5.0,0.0,veneno (Eliminado 23/07/2024),2026-09-08 00:37:17
22,Pega Mosca Lion Tools,0.0,15.0,10.0,LION TOOLS,2026-09-08 00:37:17
7506283701045,PEGA MOSCA YUAN,0.0,15.0,0.0,MEXICO,2026-09-08 00:37:17
7503005405212,PEGA RATA CLEAN HOUSE,0.0,45.0,30.0,- Sin Departamento - (Eliminado 13/07/2025),2026-09-08 00:37:17
87,PEGA RATA GRANDE 0087,26.0,55.0,30.0,LION TOOLS,2026-09-08 00:37:17
895281001187,Pega Raton Lion Tools 0086,1.0,25.0,15.0,LION TOOLS,2026-09-15 18:59:09
7503001983141,Pegalon 90ml,2.0,85.0,0.0,Herramientas (Eliminado 23/07/2024),2026-09-08 00:37:17
7503001983134,Pegalon Cpvc 50ml,1.0,45.0,0.0,Herramientas (Eliminado 23/07/2024),2026-09-08 00:37:17
7503001983080,Pegalon Pegamento Azul Pvc Idraulico,0.0,95.0,0.0,Herramientas (Eliminado 23/07/2024),2026-09-08 00:37:17
8303175678725,Pegamosca Goodwill Verde,0.0,5.0,0.0,hogar (Eliminado 23/07/2024),2026-09-08 00:37:17
PEGA,Pegamosca Jafepa Por Pieza,617.0,5.0,4.0,PUEBLA,2026-09-08 00:37:17
7505005405681,PegaRata Grande,0.0,50.0,35.0,ASGA,2026-09-08 00:37:17
7503005405908,PegaRata Mediano,0.0,35.0,27.0,ASGA,2026-09-08 00:37:17
1431,Pelador,1.0,30.0,0.0,LION TOOLS,2026-09-08 00:37:17
1441,Pelador 2,1.0,30.0,0.0,LION TOOLS,2026-09-08 00:37:17
7501316150821,Pepesilicon BLANCO 280ml,0.0,100.0,0.0,LION TOOLS,2026-09-08 00:37:17
7501316150814,Pepesilicon Negro 280ml,0.0,100.0,0.0,Herramientas (Eliminado 23/07/2024),2026-09-08 00:37:17
7501316141515,Pepesilicon Negro Sellador De Poliuretano,1.0,160.0,0.0,Herramientas (Eliminado 23/07/2024),2026-09-08 00:37:17
7501316150807,Pepesilicon Transparente 310ml,1.0,100.0,0.0,FERREPAT,2026-09-08 00:37:17
6262,PICAHIELO CON DESTAPADOR,1.0,30.0,20.0,hogar (Eliminado 23/07/2024),2026-09-08 00:37:17
5290,Piedra Afilar 6,13.0,25.0,0.0,LION TOOLS,2026-09-08 00:37:17
7419,Piedra Afilar 6,7.0,35.0,0.0,LION TOOLS,2026-09-08 00:37:17
7420,Piedra Afilar 8 CARBURO DE SILICON,13.0,45.0,0.0,LION TOOLS,2026-09-08 00:37:17
1870,PIEDRA AFILAR GUADAÑA GRANO 150,13.0,30.0,18.0,LION TOOLS,2026-09-08 00:37:17
5291,PIEDRA DE AFILAR 8,5.0,45.0,0.0,LION TOOLS,2026-09-08 00:37:17
7502320641763,PIEDRAAFILAR,6.0,25.0,15.0,LION TOOLS,2026-09-08 00:37:17
5391,PIEDRAAFILAR,11.0,25.0,15.0,LION TOOLS,2026-09-08 00:37:17
791279002436,PIG TAIL DE COBRE,1.0,110.0,0.0,- Sin Departamento - (Eliminado 13/07/2025),2026-09-08 00:37:17
791279198528,Pigtail Flexible Pol A Tuerca Invertida,1.0,170.0,130.0,hogar (Eliminado 23/07/2024),2026-09-08 00:37:17
791279002443,Pigtail Flexible Pol A Tuerca Invertida,0.0,170.0,130.0,TRUPER,2026-09-08 00:37:17
48713 5/8,PIJA,75.0,0.5,0.0,FERREPAT,2026-09-08 00:37:17
4449,PIJA  1 PULGADA PUNTA DE BROCA,11.0,1.5,0.0,FERREPAT,2026-09-08 00:37:17
4447,PIJA  2 PULGDAS,50.0,3.0,0.0,FERREPAT,2026-09-08 00:37:17
4446,PIJA  3 PULGAD,9.0,4.0,0.0,FERREPAT,2026-09-08 00:37:17
4450,PIJA 1 1/4,33.0,2.0,0.0,FERREPAT,2026-09-08 00:37:17
48715,PIJA 1 PLGD PLATIADA DELGADA,170.0,1.0,0.0,FERREPAT,2026-09-08 00:37:17
44412,PIJA 1/2,100.0,0.5,0.0,FERREPAT,2026-09-08 00:37:17
48712,PIJA 1/2,70.0,0.5,0.0,FERREPAT,2026-09-08 00:37:17
44645,PIJA 1/2 PULGADA PUNTA DE BROCA,20.0,0.5,0.0,FERREPAT,2026-09-08 00:37:17
48710,PIJA 1/4,47.0,0.33,0.0,FERREPAT,2026-09-08 00:37:17
4448,PIJA 2 1/2 PULGADA,26.0,3.5,0.0,FERREPAT,2026-09-08 00:37:17
4442,PIJA 3/4,200.0,1.0,0.0,FERREPAT,2026-09-08 00:37:17
48714,PIJA 3/4 GRUESO,27.0,1.0,0.0,FERREPAT,2026-09-08 00:37:17
44646,PIJA 3/4 PUNTA DE BROCA,38.0,1.0,0.0,FERREPAT,2026-09-08 00:37:17
48713,PIJA 5/8,80.0,0.5,0.0,FERREPAT,2026-09-08 00:37:17
4444,PIJA DE 1 1/2 PULGD GRUESA,70.0,2.0,0.0,FERREPAT,2026-09-08 00:37:17
4445,PIJA DE 1 1/4 PLGADA GRUESA,260.0,2.0,0.0,FERREPAT,2026-09-08 00:37:17
4443,PIJA DE 1 PLGAD GRUESA,299.0,1.5,0.0,FERREPAT,2026-09-08 00:37:17
44891,PIJA NEGRA  1 PULGADA,82.0,1.0,0.0,FERREPAT,2026-09-08 00:37:17
4456,PIJA NEGRA  3 PULGADAS,48.0,4.0,0.0,FERREPAT,2026-09-08 00:37:17
4457,PIJA NEGRA 1 1/2,170.0,3.0,0.0,FERREPAT,2026-09-08 00:37:17
44344,PIJA NEGRA 1 1/4,56.0,2.0,0.0,FERREPAT,2026-09-08 00:37:17
48689,PIJA NEGRA 1 5/8,138.0,2.0,0.0,FERREPAT,2026-09-08 00:37:17
40056,PIJA NEGRA 3/4 DELGADO,200.0,0.5,0.0,FERREPAT,2026-09-08 00:37:17
44890,PIJA NEGRA 3/4 GRUESA,188.0,0.5,0.0,FERREPAT,2026-09-08 00:37:17
7506240603856,Pijas De Acero  Cabeza De Cruz,0.0,50.0,0.0,- Sin Departamento - (Eliminado 13/07/2025),2026-09-08 00:37:17
CR1220,PILA,2.0,20.0,0.0,memorias,2026-09-08 00:37:17
CR2025,PILA,4.0,20.0,0.0,MEXICO,2026-09-08 00:37:17
758,PILA 1.5V AAA LION TOOLS,2.0,15.0,10.0,hogar (Eliminado 23/07/2024),2026-09-08 00:37:17
LR6-AA,PILA AA HORA,3.0,30.0,0.0,MEXICO,2026-09-08 00:37:17
73096500235,Pila AA Panasonic,0.0,45.0,0.0,MEXICO,2026-09-08 00:37:17
PILA AA TECTRON,PILA AA TECTRON,116.0,15.0,7.5,MEXICO,2026-09-09 21:33:49
LR6-AAA,PILA AAA HORA,14.0,30.0,0.0,MEXICO,2026-09-08 00:37:17
PILA AAA TECTRON,PILA AAA TECTRON,76.0,15.0,7.5,PUEBLA,2026-09-11 20:07:49
5000394026599,PILA DURACELL  AA,12.0,85.0,60.0,MEXICO,2026-09-08 00:37:17
7501342975009,Pila Explosive,6.0,15.0,7.5,MEXICO,2026-09-08 00:37:17
7441005013375,PILA PANASONIC 2A,3.0,40.0,35.0,MEXICO,2026-09-08 00:37:17
5410853039273,PILA PANASONIC AA,4.0,45.0,0.0,ASGA,2026-09-08 00:37:17
5410853039334,PILA PANASONIC AAA,4.0,45.0,0.0,ASGA,2026-09-08 00:37:17
PANASONIC D,PILA PANASONIC D,4.0,75.0,55.0,hogar (Eliminado 23/07/2024),2026-09-08 00:37:17
8806090168581,PILA PORTATIL FX,0.0,160.0,0.0,hogar (Eliminado 23/07/2024),2026-09-08 00:37:17
7501555519007,PILA PORTATILPOWERBANK,1.0,180.0,0.0,hogar (Eliminado 23/07/2024),2026-09-08 00:37:17
2806,PILA RECARGABLE,1.0,60.0,45.0,LION TOOLS,2026-09-08 00:37:17
2886,Pila Recargable AA,0.0,120.0,0.0,LION TOOLS,2026-09-08 00:37:17
2887,Pila Recargable AAA,0.0,70.0,50.0,Herramientas (Eliminado 23/07/2024),2026-09-08 00:37:17
PR,PILA RECARGABLE DORRAS,14.0,25.0,15.0,PUEBLA,2026-09-08 20:54:57
319,PILA RECARGABLE LUTING,0.0,35.0,17.0,MEXICO,2026-09-08 00:37:17
3211,PILA ROCKET 9V,3.0,25.0,20.0,PUEBLA,2026-09-08 00:37:17
320,PILA ROCKET C,4.0,25.0,20.0,hogar (Eliminado 23/07/2024),2026-09-08 00:37:17
7501206657706,PILAS 9V,0.0,30.0,0.0,Herramientas (Eliminado 23/07/2024),2026-09-08 00:37:17
41333001043,PILAS 9V DURACEL,0.0,50.0,0.0,Herramientas (Eliminado 23/07/2024),2026-09-08 00:37:17
7501206657676,PILAS AA VOLTECK,2.0,60.0,0.0,Herramientas (Eliminado 23/07/2024),2026-09-08 00:37:17
7501206657638,PILAS AAA VOLTECK,10.0,60.0,0.0,Herramientas (Eliminado 23/07/2024),2026-09-08 00:37:17
73096500204,PILAS C2 PANASONIC,20.0,75.0,0.0,casa,2026-09-08 00:37:17
41333213019,PILAS D2 DURACEL,0.0,150.0,0.0,PUEBLA,2026-09-08 00:37:17
73096500174,PILAS D2 PANASONIC,1.0,100.0,0.0,Herramientas (Eliminado 23/07/2024),2026-09-08 00:37:17
810026280832,PILAS DE LITIO MURATA,3.0,35.0,0.0,hogar (Eliminado 23/07/2024),2026-09-08 00:37:17
810026280818,PILAS DE LITIO MURATA,3.0,35.0,0.0,hogar (Eliminado 23/07/2024),2026-09-08 00:37:17
6927799682290,PILAS DE LITIO TIANQIU,7.0,30.0,0.0,hogar (Eliminado 23/07/2024),2026-09-08 00:37:17
6927799682252,PILAS DE LITIO TIANQIU,11.0,30.0,0.0,hogar (Eliminado 23/07/2024),2026-09-08 00:37:17
41333665832,PILAS DURACEL AAA,7.0,80.0,60.0,PUEBLA,2026-09-15 19:28:02
41333214016,PILAS DURACEL C2,3.0,135.0,0.0,casa,2026-09-08 00:37:17
8887549613982,PILAS LITIO PANASONIC,2.0,40.0,0.0,hogar (Eliminado 23/07/2024),2026-09-08 00:37:17
7441005014433,PILAS PANASONIC 3A,1.0,45.0,0.0,MEXICO,2026-09-08 00:37:17
73096500273,PILAS PANASONIC 3A,0.0,40.0,0.0,PUEBLA,2026-09-08 00:37:17
7506086613293,PILAS RECARGABLES AAA,0.0,120.0,120.0,hogar (Eliminado 23/07/2024),2026-09-08 00:37:17
PTA,PILATRIPLEAAAALEFCO,1.0,15.0,0.0,PUEBLA,2026-09-08 00:37:17
7506240667995,Pintura En Aerosol Amarillo Canario,0.0,90.0,80.0,hogar (Eliminado 23/07/2024),2026-09-08 00:37:17
7501206684993,PINTURA EN AEROSOL BLANCO BRILLANTE,0.0,95.0,0.0,FERREPAT,2026-09-08 00:37:17
7506240630593,Pintura En Aerosol Blanco Brillante,0.0,90.0,80.0,hogar (Eliminado 23/07/2024),2026-09-08 00:37:17
7506240630630,Pintura En Aerosol Blanco Mate,0.0,90.0,80.0,- Sin Departamento - (Eliminado 13/07/2025),2026-09-08 00:37:17
7506240668008,Pintura En Aerosol Gris Oscuro,0.0,90.0,80.0,hogar (Eliminado 23/07/2024),2026-09-08 00:37:17
7501206685860,PINTURA EN AEROSOL METALICO,0.0,95.0,0.0,FERREPAT,2026-09-08 00:37:17
7501206684986,PINTURA EN AEROSOL NEGRO BRILLANTE,0.0,95.0,0.0,FERREPAT,2026-09-08 00:37:17
7506240630586,Pintura En Aerosol Negro Brillante,0.0,90.0,80.0,hogar (Eliminado 23/07/2024),2026-09-08 00:37:17
7506240630609,Pintura En Aerosol Negro Mate,0.0,90.0,80.0,hogar (Eliminado 23/07/2024),2026-09-08 00:37:17
7506240630715,Pintura En Aerosol Negro Satin,0.0,90.0,80.0,- Sin Departamento - (Eliminado 13/07/2025),2026-09-08 00:37:17
7506240630685,Pintura En Aerosol Oro,0.0,90.0,80.0,Herramientas (Eliminado 23/07/2024),2026-09-08 00:37:17
7501206684962,PINTURA EN AEROSOL ROJO,1.0,95.0,0.0,FERREPAT,2026-09-08 00:37:17
7503175300508,PINZA CHOFER TRUPER,0.0,85.0,0.0,Herramientas (Eliminado 23/07/2024),2026-09-08 00:37:17
2753,PINZA CORTE DIAGONAL,0.0,130.0,0.0,LION TOOLS,2026-09-08 00:37:17
2752,PINZA CORTE DIAGONAL,0.0,110.0,0.0,LION TOOLS,2026-09-08 00:37:17
2750,PINZA DE CHOFER,0.0,75.0,0.0,Herramientas (Eliminado 23/07/2024),2026-09-08 00:37:17
2151,PINZA DE CHOFER,1.0,90.0,0.0,Herramientas (Eliminado 23/07/2024),2026-09-08 00:37:17
7501206643167,PINZA DE CHOFER PRETUL,0.0,106.0,0.0,Herramientas (Eliminado 23/07/2024),2026-09-08 00:37:17
7506240642817,PINZA DE ELCTRICISTA,0.0,120.0,0.0,Herramientas (Eliminado 23/07/2024),2026-09-08 00:37:17
7501206644829,Pinza De Electricista  9´´ Pretul,0.0,195.0,180.0,- Sin Departamento - (Eliminado 13/07/2025),2026-09-08 00:37:17
7501206644812,Pinza De Electricista Pretul,0.0,170.0,160.0,- Sin Departamento - (Eliminado 13/07/2025),2026-09-08 00:37:17
154,Pinza De Extension 10,0.0,100.0,0.0,LION TOOLS,2026-09-08 00:37:17
7501206643587,PINZA DE PRESION 10´´,0.0,155.0,0.0,Herramientas (Eliminado 23/07/2024),2026-09-08 00:37:17
2754,PINZA ELECTRICISTA,4.0,110.0,0.0,LION TOOLS,2026-09-08 00:37:17
7506240642794,PINZA ELECTRICISTA,1.0,200.0,0.0,Herramientas (Eliminado 23/07/2024),2026-09-08 00:37:17
7501206638514,PINZA ELECTRICISTA,0.0,140.0,0.0,Herramientas (Eliminado 23/07/2024),2026-09-08 00:37:17
7506240643029,PINZA ELECTRICISTA,0.0,130.0,0.0,Herramientas (Eliminado 23/07/2024),2026-09-08 00:37:17
2755,PINZA ELECTRICISTA,0.0,130.0,0.0,LION TOOLS,2026-09-08 00:37:17
2756,PINZA ELECTRICISTA,0.0,160.0,0.0,LION TOOLS,2026-09-08 00:37:17
2761,PINZA MINI,0.0,77.0,0.0,Herramientas (Eliminado 23/07/2024),2026-09-08 00:37:17
2764,PINZA MINI PUNTA AGUJA,0.0,80.0,0.0,Herramientas (Eliminado 23/07/2024),2026-09-08 00:37:17
7502256880397,PINZA PARA ROPA 50PZS,4.0,25.0,0.0,ASGA,2026-09-08 00:37:17
7502256880380,PINZA PARA ROPA DE 36PZS,3.0,25.0,0.0,ASGA,2026-09-08 00:37:17
7501206629017,PINZA PELA CABLE,0.0,140.0,0.0,Herramientas (Eliminado 23/07/2024),2026-09-08 00:37:17
3095,Pinza Presion Curva 10,1.0,100.0,70.0,Herramientas (Eliminado 23/07/2024),2026-09-08 00:37:17
3096,PINZA PRESION RECTA,1.0,110.0,0.0,Herramientas (Eliminado 23/07/2024),2026-09-08 00:37:17
3094,Pinza Presion Recta 10,0.0,130.0,120.0,LION TOOLS,2026-09-08 00:37:17
3097,PINZA PRESION RECTA 5,1.0,80.0,0.0,Herramientas (Eliminado 23/07/2024),2026-09-08 00:37:17
7501206641200,PINZA PROFEDCIONAL DE ELECTRICISTA,0.0,210.0,0.0,Herramientas (Eliminado 23/07/2024),2026-09-08 00:37:17
2758,PINZA PUNTA Y CORTE,0.0,110.0,0.0,Herramientas (Eliminado 23/07/2024),2026-09-08 00:37:17
2759,PINZA PUNTA Y CORTE,0.0,105.0,0.0,LION TOOLS,2026-09-08 00:37:17
143,Pinza Ropa 50pzs,1.0,25.0,20.0,hogar (Eliminado 23/07/2024),2026-09-08 00:37:17
7502256880403,PINZAS 100PZ,3.0,45.0,0.0,ASGA,2026-09-09 21:08:21
PIOLA3,Piola 1 Kg Azul,2.0,200.0,0.0,PUEBLA,2026-09-08 00:37:17
PIOLA2,Piola 1/2 Azul,0.0,100.0,0.0,PUEBLA,2026-09-08 00:37:17
PIOLA4,PIOLA 1/2 K ROJO,1.0,100.0,0.0,HUAJUAPAN,2026-09-08 00:37:17
PIOLA1,Piola 1/4,0.0,50.0,0.0,FERREPAT,2026-09-08 00:37:17
PIOLACAF,PIOLA CAFE CHICA,2.0,60.0,0.0,ASGA,2026-09-08 00:37:17
PIOLACAFE,PIOLA CAFE GRANDE,0.0,120.0,0.0,ASGA,2026-09-08 00:37:17
PDA 1/4,Piola Delgada Azul 1/4,3.0,60.0,0.0,MEXICO,2026-09-08 00:37:17
PIOLA01,PIOLA GRUESA 1,2.0,60.0,0.0,PUEBLA,2026-09-08 00:37:17
PIOLA02,PIOLA GRUESA 2,3.0,120.0,0.0,PUEBLA,2026-09-08 00:37:17
PIOLA03,PIOLA GRUESA 3,0.0,200.0,0.0,PUEBLA,2026-09-08 00:37:17
PIOLAVERD,PIOLA VERDE,1.0,120.0,0.0,ASGA,2026-09-08 00:37:17
8797,PISTOLA CALAFATEADORA,1.0,90.0,0.0,LION TOOLS,2026-09-08 00:37:17
7501206660676,PISTOLA CALAFATEADORA TRUPER,0.0,85.0,0.0,- Sin Departamento - (Eliminado 13/07/2025),2026-09-08 00:37:17
7724,PISTOLA ELECTRICA SANTUL,0.0,100.0,0.0,Herramientas (Eliminado 23/07/2024),2026-09-08 00:37:17
1890,PISTOLA PARA JARDIN,1.0,40.0,30.0,hogar (Eliminado 23/07/2024),2026-09-08 00:37:17
1889,Pistola Para Jardin De Plastico 7 Funciones,0.0,50.0,30.0,hogar (Eliminado 23/07/2024),2026-09-08 00:37:17
7501206653845,PISTOLA PLASTICA PARA RIEGO,0.0,70.0,0.0,Herramientas (Eliminado 23/07/2024),2026-09-08 00:37:17
7506006805463,PLACA 1 VENTANA,4.0,30.0,0.0,hogar (Eliminado 23/07/2024),2026-09-08 00:37:17
7506006806811,PLACA 4 VENTANAS TOSCANA,1.0,60.0,0.0,hogar (Eliminado 23/07/2024),2026-09-08 00:37:17
7501942344434,PLACA APAGADOR TRIPLE,5.0,70.0,60.0,hogar (Eliminado 23/07/2024),2026-09-08 00:37:17
7501942344427,PLACA APAGAR DOBLE SANELEC,3.0,55.0,45.0,FERREPAT,2026-09-08 00:37:17
7506240672937,PLACA C/2INTERRUPTORES SENCILLOS Y 1CONTACTO ATERRIZADO,5.0,80.0,0.0,Herramientas (Eliminado 23/07/2024),2026-09-08 00:37:17
218,Placa Con 2 Ventanas Kley,0.0,20.0,0.0,hogar (Eliminado 23/07/2024),2026-09-08 00:37:17
217,Placa Con 2 Ventanas Strom,0.0,25.0,0.0,hogar (Eliminado 23/07/2024),2026-09-08 00:37:17
213.,Placa Con Doble Apagador,2.0,50.0,0.0,hogar (Eliminado 23/07/2024),2026-09-08 00:37:17
7506240672890,Placa Con Interruptor Sencillo Y Contacto Aterrizado Volteck,0.0,60.0,50.0,hogar (Eliminado 23/07/2024),2026-09-08 00:37:17
211,Placa Con Ventana Rectangular,3.0,25.0,0.0,hogar (Eliminado 23/07/2024),2026-09-08 00:37:17
214.,Placa De 1 Apagador,3.0,55.0,0.0,hogar (Eliminado 23/07/2024),2026-09-08 00:37:17
210,Placa De 1 Ventana,5.0,25.0,0.0,hogar (Eliminado 23/07/2024),2026-09-08 00:37:17
215,Placa De 1 Ventana,8.0,16.0,0.0,hogar (Eliminado 23/07/2024),2026-09-08 00:37:17
219,Placa De 1 Ventana,6.0,20.0,0.0,hogar (Eliminado 23/07/2024),2026-09-08 00:37:17
220,Placa De 2 Ventanas Samy,12.0,15.0,0.0,hogar (Eliminado 23/07/2024),2026-09-08 00:37:17
209,Placa De 3 Ventanas,4.0,18.0,0.0,hogar (Eliminado 23/07/2024),2026-09-08 00:37:17
230,PLACA DE DOS VENTANAS,7.0,25.0,0.0,hogar (Eliminado 23/07/2024),2026-09-08 00:37:17
212.,Placa De Ventana Rectangular Blanca,10.0,25.0,0.0,hogar (Eliminado 23/07/2024),2026-09-08 00:37:17
216,Placa Tapa,2.0,15.0,0.0,hogar (Eliminado 23/07/2024),2026-09-08 00:37:17
7506006805449,PLACA TRES VENTANAS TOSCANA,1.0,55.0,0.0,- Sin Departamento - (Eliminado 13/07/2025),2026-09-08 00:37:17
PLGFN20,Plaga Fin,0.0,110.0,100.0,LION TOOLS,2026-09-08 00:37:17
PLAGAFIN,PLAGAFIN CUCARACHA,1.0,110.0,0.0,hogar (Eliminado 23/07/2024),2026-09-08 00:37:17
PT7,PLANTILLA NUMERO,30.0,15.0,0.0,bvh,2026-09-08 00:37:17
PT4,PLANTILLA NUMERO 4,24.0,15.0,0.0,bvh,2026-09-08 00:37:17
PT8,PLANTILLA NUMERO 8,49.0,15.0,0.0,bvh,2026-09-08 00:37:17
PT6,PLANTILLAS NUMERO 6,45.0,15.0,0.0,bvh,2026-09-08 00:37:17
7501600550931,PLASTIACERO,0.0,135.0,0.0,Herramientas (Eliminado 23/07/2024),2026-09-08 00:37:17
7501102630001,Plastiloka,4.0,30.0,20.0,PUEBLA,2026-09-08 00:37:17
7501102631206,PLASTILOKA AZUL,0.0,30.0,20.0,PUEBLA,2026-09-08 00:37:17
PLOMO2,PLOMO JOLMAR #2,1.0,170.0,0.0,LION TOOLS,2026-09-08 00:37:17
PLOMO3,PLOMO JOLMAR #3,1.0,210.0,0.0,LION TOOLS,2026-09-08 00:37:17
PLOMO JOLMAR #4,Plomo Jolmar #4,3.0,240.0,210.0,- Sin Departamento - (Eliminado 13/07/2025),2026-09-08 00:37:17
7501014511016,PLUMA BIC CAJA C12,0.0,6.0,0.0,hogar (Eliminado 23/07/2024),2026-09-08 00:37:17
4710635814786,PLUMONPERMANENTE,27.0,5.0,3.0,PUEBLA,2026-09-08 00:37:17
SOQUET C/CLAVIJA SEN,Po240,24.0,15.0,0.0,Herramientas (Eliminado 23/07/2024),2026-09-08 00:37:17
40134,Poliducto Corrugado Flexibkle Media Pulgada 50m,1.0,350.0,340.0,Herramientas (Eliminado 23/07/2024),2026-09-08 00:37:17
POLVOMOSCA,POLVO PARA MOSCA,237.0,25.0,20.0,ASGA,2026-09-08 00:37:17
7503000647013,Pomada Verde De Cucaracha Exterminador,3.0,60.0,45.0,MEXICO,2026-09-16 17:30:45
834,Porta Lampara Sencilla,19.0,10.0,8.0,LION TOOLS,2026-09-16 22:34:26
PORTACEL,PORTACELULAR,3.0,85.0,0.0,ASGA,2026-09-08 00:37:17
101665,Portaherramientas Con Cinturon Truper,0.0,270.0,250.0,Herramientas (Eliminado 23/07/2024),2026-09-08 00:37:17
7506240634737,PORTALAMPARA CON SENSOR DE LUZ VOLTECK,1.0,160.0,0.0,TRUPER,2026-09-08 00:37:17
7506240620327,Portalampara Con Sensor De Movimiento,4.0,230.0,0.0,hogar (Eliminado 23/07/2024),2026-09-08 00:37:17
47915,Portalampara De Porcelana,0.0,30.0,25.0,Herramientas (Eliminado 23/07/2024),2026-09-08 00:37:17
828,PORTALAMPARA PORCELANA,20.0,20.0,15.0,hogar (Eliminado 23/07/2024),2026-09-08 00:37:17
7501206658284,PORTALAMPARAS DE DOBLE ENTRADA,0.0,25.0,23.0,TRUPER,2026-09-08 00:37:17
830,PORTALAMPARAS DE PORCELANA,9.0,15.0,12.0,hogar (Eliminado 23/07/2024),2026-09-08 00:37:17
PORTANA,PORTANAVAJA,5.0,65.0,0.0,ASGA,2026-09-08 00:37:17
PORTANAV,PORTANAVAJA,6.0,55.0,0.0,ASGA,2026-09-08 00:37:17
129,PORTAVASO DE LICUADORA OSTER SENCILLO,58.0,15.0,0.0,MEXICO,2026-09-14 21:10:09
130,PORTAVASO DE LUCUADORA OSTER ORIGINAL,0.0,25.0,0.0,MEXICO,2026-09-08 00:37:17
PORTAVASO AMERICAN,PORTAVASO NEGRO AMERICAN,13.0,15.0,0.0,Herramientas (Eliminado 23/07/2024),2026-09-08 00:37:17
307,Portavaso/Aspa Taurus,2.0,75.0,0.0,licuadora (Eliminado 23/07/2024),2026-09-08 00:37:17
7501206672549,Prapa Para Pistola Et-21 De 1/4,1.0,33.0,30.0,Herramientas (Eliminado 23/07/2024),2026-09-08 00:37:17
P25,PRENSA C/P 25,1.0,1100.0,1000.0,PUEBLA,2026-09-08 00:37:17
P27,PRENSA C/P 27,0.0,1200.0,1100.0,PUEBLA,2026-09-08 00:37:17
P29,PRENSA C/P29,1.0,1250.0,1150.0,PUEBLA,2026-09-08 00:37:17
P32,PRENSA C/P32,1.0,1400.0,1300.0,PUEBLA,2026-09-08 00:37:17
PPHT25,Prensa Para Hacer Tortilla #25,1.0,850.0,850.0,PUEBLA,2026-09-08 00:37:17
PPHT27,Prensa Para Hacer Tortillas #27,1.0,1050.0,950.0,PUEBLA,2026-09-08 00:37:17
PPHT29,Prensa Para Hacer Tortillas #29,1.0,1200.0,1050.0,PUEBLA,2026-09-08 00:37:17
PPHT32,Prensa Para Hacer Tortillas #32,1.0,1450.0,1350.0,PUEBLA,2026-09-08 00:37:17
PPHT35,Prensa Para Hacer Tortillas #35,1.0,1900.0,1800.0,PUEBLA,2026-09-08 00:37:17
PPHT40,Prensa Para Hacer Tortillas #40,1.0,2200.0,2100.0,PUEBLA,2026-09-08 00:37:17
4500,PRESTO VENENO,1.0,75.0,0.0,LION TOOLS,2026-09-08 00:37:17
5379,PROBADOR DE CORRIENTE AUTOMOTRIZ,6.0,30.0,0.0,LION TOOLS,2026-09-08 00:37:17
5375,PROBADOR DE CORRIENTE DIGITAL,1.0,25.0,0.0,hogar (Eliminado 23/07/2024),2026-09-08 00:37:17
5956,Probador De Corriente Lion Tools,6.0,25.0,18.0,Herramientas (Eliminado 23/07/2024),2026-09-08 00:37:17
1681688162885,PUNTA DE AGUJA,0.0,100.0,0.0,Herramientas (Eliminado 23/07/2024),2026-09-08 00:37:17
7501206639559,PUNTA DE CARBURO,0.0,71.0,0.0,Herramientas (Eliminado 23/07/2024),2026-09-08 00:37:17
7506240676058,PUNTA PARA DESARMADOR C/U,22.0,6.0,0.0,hogar (Eliminado 23/07/2024),2026-09-08 00:37:17
275,Punta Pool,12.0,40.0,0.0,conexiones para gas (Eliminado 23/07/2024),2026-09-08 00:37:17
284,Punta Pool Con Maneral,0.0,85.0,0.0,conexiones para gas (Eliminado 23/07/2024),2026-09-08 00:37:17
1358,PUNTAS PARA DESARMADOR,6.0,35.0,0.0,Herramientas (Eliminado 23/07/2024),2026-09-08 00:37:17
1352,PUNTAS PARA DESARMADOR,1.0,35.0,0.0,LION TOOLS,2026-09-08 00:37:17
1600,PUNTAS TAMPER,0.0,45.0,0.0,Herramientas (Eliminado 23/07/2024),2026-09-08 00:37:17
QCT,QUEMADOR  CON TUBO,5.0,60.0,0.0,PUEBLA,2026-09-08 00:37:17
QAG,QUEMADOR ALUMINIO GRANDE,1.0,250.0,0.0,PUEBLA,2026-09-08 00:37:17
QARM,QUEMADOR ALUMINIO REDONDO MEDIANO,2.0,220.0,0.0,PUEBLA,2026-09-08 00:37:17
QCHB66,QUEMADOR CHICO CON BASE,0.0,50.0,0.0,PUEBLA,2026-09-08 00:37:17
QCH2L,QUEMADOR CHICO CON DOS LINEAS,0.0,55.0,50.0,QUEMADORES (Eliminado 23/07/2024),2026-09-08 00:37:17
QCHP,QUEMADOR CHICO CON PESTALLA,7.0,55.0,40.0,PUEBLA,2026-09-08 00:37:17
QCDT150,Quemador Chico De Tubo,7.0,150.0,0.0,PUEBLA,2026-09-08 00:37:17
QTM66,QUEMADOR CON TUBO TIPO MABE,0.0,60.0,50.0,PUEBLA,2026-09-08 00:37:17
652,QUEMADOR DE ALUMINIO CON NIPLE Y TOBERA,1.0,180.0,0.0,PUEBLA,2026-09-08 00:37:17
QUEMADOR1,Quemador De Chicharron,0.0,420.0,380.0,PUEBLA,2026-09-08 00:37:17
Q.E,QUEMADOR ESTRELLA NO#15,7.0,160.0,0.0,PUEBLA,2026-09-08 00:37:17
645,QUEMADOR ESTRELLA NO#20 CHICO,5.0,180.0,0.0,PUEBLA,2026-09-08 00:37:17
644,QUEMADOR ESTRELLA NO#20 MEDIANO,0.0,170.0,150.0,QUEMADORES (Eliminado 23/07/2024),2026-09-08 00:37:17
646,QUEMADOR ESTRELLA NO#30,5.0,220.0,170.0,PUEBLA,2026-09-08 00:37:17
647,QUEMADOR ESTRELLA NO#40,12.0,240.0,200.0,PUEBLA,2026-09-08 00:37:17
648,QUEMADOR ESTRELLA NO#50,9.0,300.0,0.0,PUEBLA,2026-09-08 00:37:17
649,QUEMADOR ESTRELLA NO#60,0.0,300.0,250.0,QUEMADORES (Eliminado 23/07/2024),2026-09-08 00:37:17
650,QUEMADOR ESTRELLA NO#70,0.0,350.0,290.0,QUEMADORES (Eliminado 23/07/2024),2026-09-08 00:37:17
651,QUEMADOR ESTRELLA NO#80,1.0,370.0,300.0,QUEMADORES (Eliminado 23/07/2024),2026-09-08 00:37:17
642,QUEMADOR EXAGONO DOBLER,0.0,230.0,200.0,PUEBLA,2026-09-08 00:37:17
QGN66,QUEMADOR GRANDE REDONDO NORMAL,8.0,75.0,65.0,PUEBLA,2026-09-08 00:37:17
6802,QUEMADOR GRIS,3.0,200.0,0.0,PUEBLA,2026-09-08 00:37:17
QMEP66,QUEMADOR MOVIBLE CON ENTRADA PILOTO,5.0,120.0,90.0,QUEMADORES (Eliminado 23/07/2024),2026-09-08 00:37:17
643,QUEMADOR REDONDO,6.0,200.0,160.0,LION TOOLS,2026-09-08 00:37:17
QRCHN66,QUEMADOR REDONDO CHICO NORMAL,0.0,50.0,0.0,PUEBLA,2026-09-08 00:37:17
QST77,QUEMADOR SENCILLO CON TUBO,0.0,50.0,0.0,QUEMADORES (Eliminado 23/07/2024),2026-09-08 00:37:17
6966235108161,Radio Megafono Buytiti,2.0,150.0,80.0,casa,2026-09-08 00:37:17
2022101116372,RADIO SOLAR FX,0.0,280.0,170.0,bvh,2026-09-08 00:37:17
RAFIA BLANCA,Rafia Color BLANCA,0.0,35.0,30.0,PUEBLA,2026-09-08 00:37:17
RAFIA ROJA,RAFIA Roja,0.0,60.0,55.0,PUEBLA,2026-09-08 00:37:17
ALS-006,Raqueta Alefco,0.0,85.0,0.0,bvh,2026-09-08 00:37:17
6957216800082,RAQUETA GECKO,0.0,85.0,0.0,ASGA,2026-09-08 00:37:17
5748620201777,Raqueta Jafepa,0.0,85.0,60.0,HUAJUAPAN,2026-09-08 00:37:17
7503044566660,Raqueta Lion Tools 8806,0.0,80.0,55.0,hogar (Eliminado 23/07/2024),2026-09-15 17:20:27
7506283701533,RAQUETA MATAMOSQUITOS,2.0,85.0,80.0,PUEBLA,2026-09-09 20:13:37
6940439101821,Raquetas Fussion,0.0,95.0,60.0,MEXICO,2026-09-08 00:37:17
7501009222729,Rastrillo  Presto BUltra,66.0,12.0,0.0,hogar (Eliminado 23/07/2024),2026-09-08 22:37:00
7501206650301,Rastrillo Arco 16 Dientes Classic Mgo54,1.0,230.0,0.0,JARDINERIA (Eliminado 23/07/2024),2026-09-08 00:37:17
RASTRILLO PLUS,RASTRILLO DE METAL,24.0,35.0,0.0,ASGA,2026-09-08 00:37:17
8801038570037,Rastrillo Dorco,110.0,25.0,18.0,PUEBLA,2026-09-08 19:18:53
8801038570020,Rastrillo Dorco Lubricanbte Amarillo,0.0,30.0,20.0,PUEBLA,2026-09-08 00:37:17
8801038570013,Rastrillo Dorco Lubricante Azul,92.0,30.0,20.0,PUEBLA,2026-09-08 00:37:17
8801038608525,Rastrillo Dorco Pace Rastrillo  2 Vitamina E,0.0,30.0,19.0,PUEBLA,2026-09-08 00:37:17
713200110010,Rastrillo Dorusa,42.0,30.0,19.0,PUEBLA,2026-09-17 16:03:51
1122,RASTRILLO JAFEPA METALICO,0.0,45.0,0.0,PUEBLA,2026-09-08 00:37:17
7506240656241,Rastrillo Jardinero 12dientes Pretul,0.0,160.0,150.0,JARDINERIA (Eliminado 23/07/2024),2026-09-08 00:37:17
6222001562767,RASTRILLO LORD,29.0,35.0,0.0,LION TOOLS,2026-09-08 00:37:17
6222001555929,Rastrillo Lord Cool,9.0,30.0,20.0,ASGA,2026-09-08 19:22:07
RASTRVER,Rastrillo Para Hoja VERDE,3.0,85.0,0.0,PUEBLA,2026-09-08 00:37:17
187,Rastrillo Por Pieza,5.0,5.0,0.0,LION TOOLS,2026-09-08 00:37:17
761,RASTRILLO RECTO 14 DIENTES,2.0,165.0,150.0,PUEBLA,2026-09-08 00:37:17
7501206687291,RASTRILLO TRUPER,0.0,160.0,0.0,Herramientas (Eliminado 23/07/2024),2026-09-08 00:37:17
4710635815066,Rastrillo Xtron,4.0,35.0,30.0,ASGA,2026-09-08 23:45:07
2016916010307,RASURADORA VINTAGE T9,2.0,140.0,80.0,PUEBLA,2026-09-08 00:37:17
7501021115139,Ratafin C/U,32.0,20.0,8.0,HUAJUAPAN,2026-09-08 00:37:17
RATONERA4,RATONERA 4,2.0,120.0,0.0,DON RAMON,2026-09-08 00:37:17
RATONERA5,RATONERA 5,2.0,140.0,0.0,DON RAMON,2026-09-08 00:37:17
RATONERA6,RATONERA 6,2.0,160.0,0.0,DON RAMON,2026-09-08 00:37:17
322,RATONERA DE MADERA,2.0,40.0,0.0,mascotas (Eliminado 23/07/2024),2026-09-08 00:37:17
321,RATONERA DE MADERA PARA RATON CH,0.0,35.0,30.0,LION TOOLS,2026-09-08 00:37:17
203,RATONERAS,1.0,100.0,0.0,LION TOOLS,2026-09-08 00:37:17
7502256880984,Ratrillo Para Hoja Verde,6.0,65.0,0.0,Herramientas (Eliminado 23/07/2024),2026-09-08 00:37:17
RAYADOR,RAYADOR DE VERDURA,2.0,15.0,11.0,PUEBLA,2026-09-08 00:37:17
R.M.,RECOJEDOR D METAL MEDIANO,12.0,30.0,0.0,PUEBLA,2026-09-08 00:37:17
281,Redondo,0.0,10.0,0.0,hogar (Eliminado 23/07/2024),2026-09-08 00:37:17
47507,Reduccion Campana Galvanizada De 25 A 19mm,2.0,40.0,35.0,hogar (Eliminado 23/07/2024),2026-09-08 00:37:17
7506240626954,Reductor Campana De Hierro Galvanizado,10.0,25.0,20.0,hogar (Eliminado 23/07/2024),2026-09-08 00:37:17
705200,Refaccion Para Olla Express Presto,3.0,95.0,0.0,EMPAQUES (Eliminado 23/07/2024),2026-09-08 00:37:17
TSCE3769,REFLECTOR SOLAR DE 2,0.0,285.0,250.0,lampara (Eliminado 23/07/2024),2026-09-08 00:37:17
TSCE3768,REFLECTOR SOLAR TRANSHINE,1.0,210.0,0.0,Herramientas (Eliminado 23/07/2024),2026-09-08 00:37:17
3262,Regadera Brazo Y Chapeton De Zinc,0.0,110.0,100.0,LION TOOLS,2026-09-08 00:37:17
RDP,Regadera De Plastico,2.0,20.0,0.0,casa,2026-09-08 00:37:17
MOD 7000,Regulador De Alta C Maneral,0.0,260.0,230.0,LION TOOLS,2026-09-08 00:37:17
7001,REGULADOR DE ALTA SIN MANERAL,0.0,230.0,0.0,FERREPAT,2026-09-08 00:37:17
7,Regulador De Baja Con Maneral BARO,3.0,200.0,0.0,FERREPAT,2026-09-08 00:37:17
791279122240,Regulador De Baja Con Maneral BARO,4.0,200.0,0.0,FERREPAT,2026-09-08 00:37:17
791279122295,REGULADOR De BAJA SIN MANERAL IUSA,4.0,190.0,0.0,FERREPAT,2026-09-08 00:37:17
7506325104674,REJILLA,3.0,46.0,0.0,LION TOOLS,2026-09-08 00:37:17
7506240672777,Rejilla Atornillable 5´´,0.0,55.0,45.0,hogar (Eliminado 23/07/2024),2026-09-08 00:37:17
S-523,RELOJ APRUEBA DE AGUA,8.0,180.0,150.0,- Sin Departamento - (Eliminado 13/07/2025),2026-09-08 00:37:17
3700,Remachadora 1 Via,1.0,130.0,95.0,Herramientas (Eliminado 23/07/2024),2026-09-08 00:37:17
7506240687238,REMACHES,100.0,1.0,0.67,TRUPER,2026-09-08 00:37:17
7501206699638,REMACHES CON ESPIGA,100.0,0.67,0.5,TRUPER,2026-09-08 00:37:17
7501206699782,REMACHES CON ESPIGA,100.0,2.0,1.75,TRUPER,2026-09-08 00:37:17
7501206699706,REMACHES CON ESPIGA,50.0,0.67,0.5,TRUPER,2026-09-08 00:37:17
7501206699775,Remaches Con Espiga Pz,100.0,1.8,0.0,TRUPER,2026-09-08 00:37:17
7501206699652,REMACHES DE ESPIGA,50.0,0.5,0.33,TRUPER,2026-09-08 00:37:17
7501206699645,REMACHES ESPIGA 1/8,100.0,0.67,0.5,TRUPER,2026-09-08 00:37:17
347,REPUESTO CUTER 18MM,1.0,25.0,0.0,hogar (Eliminado 23/07/2024),2026-09-08 00:37:17
346,REPUESTO DE CUTTER 18MM,1.0,15.0,0.0,LION TOOLS,2026-09-08 00:37:17
345,REPUESTO DE CUTTER 9MM,7.0,12.0,0.0,Herramientas (Eliminado 23/07/2024),2026-09-08 00:37:17
7506240682783,REPUESTO DE MANERAL PARA LLAVES DE JARDIN FOSET,2.0,20.0,15.0,JARDINERIA (Eliminado 23/07/2024),2026-09-08 00:37:17
7506240673903,REPUESTO PARA CUTER,0.0,28.0,0.0,Herramientas (Eliminado 23/07/2024),2026-09-08 00:37:17
R220,RESISTENCIA PARA CALENTADOR,11.0,30.0,0.0,LION TOOLS,2026-09-08 00:37:17
128.,Resistencia Parrilla Electrica 600w Chica,0.0,70.0,55.0,PUEBLA,2026-09-08 00:37:17
127.,Resistencia Parrilla Electrica 800w Grande,0.0,90.0,70.0,LION TOOLS,2026-09-08 00:37:17
7501199465944,RESISTOL 5000 135.ML,0.0,120.0,0.0,TRUPER,2026-09-08 00:37:17
7501028812055,Resistol 5000 135ml,1.0,120.0,0.0,casa,2026-09-08 00:37:17
7501199465715,RESISTOL 5000 PARA PIEL Y CALZADO,2.0,65.0,0.0,PUEBLA,2026-09-08 00:37:17
7501028812215,Resistol 5000 pegamento De Contacto 250ml,1.0,189.0,170.0,FERREPAT,2026-09-08 00:37:17
7501028832060,Resistol 5000 Tubo,2.0,100.0,0.0,LION TOOLS,2026-09-08 00:37:17
7501199466163,RESISTOL 5000 TUBO  TRANSPARENTE,1.0,60.0,0.0,LION TOOLS,2026-09-08 00:37:17
79340649460,Resistol Adesivo De Montaje 353g,1.0,160.0,0.0,Herramientas (Eliminado 23/07/2024),2026-09-08 00:37:17
7501199465692,RESISTOL AUTOMOTRIZ,0.0,65.0,0.0,- Sin Departamento - (Eliminado 13/07/2025),2026-09-08 00:37:17
RESORTERA1,Resortera Chica,4.0,20.0,0.0,- Sin Departamento - (Eliminado 13/07/2025),2026-09-08 00:37:17
RESORTERA3,Resortera Grande,6.0,35.0,0.0,- Sin Departamento - (Eliminado 13/07/2025),2026-09-08 00:37:17
RESORTERA2,Resortera Mediana,15.0,25.0,0.0,- Sin Departamento - (Eliminado 13/07/2025),2026-09-08 00:37:17
4064,Rin Carretilla,2.0,150.0,100.0,Herramientas (Eliminado 23/07/2024),2026-09-08 00:37:17
3027,RODAJA ESFERICA PLACA 1 1/2,2.0,20.0,0.0,LION TOOLS,2026-09-08 00:37:17
331,RODILLO CHICO,3.0,55.0,160.0,LION TOOLS,2026-09-08 00:37:17
330,RODILLO PARA PINTAR 9,3.0,65.0,0.0,LION TOOLS,2026-09-08 00:37:17
7501206699843,Rojo Taxi Pintura En Aerosol,0.0,95.0,0.0,FERREPAT,2026-09-08 00:37:17
ROLLO CABLE KEER 12,ROLLO CABLE KEER 12,100.0,1800.0,0.0,HUAJUAPAN,2026-09-08 00:37:17
ROLLO CABLE KEER 18,ROLLO CABLE KEER 18,100.0,900.0,0.0,HUAJUAPAN,2026-09-08 00:37:17
7502309730587,ROLLO CABLE N12 VERDE,1.0,650.0,0.0,ASGA,2026-09-08 00:37:17
7502309730556,ROLLO DE CABLE N12 BLANCO,0.0,650.0,0.0,FERREPAT,2026-09-08 00:37:17
7502309730563,ROLLO DE CABLE N12 NEGRO,0.0,650.0,0.0,FERREPAT,2026-09-08 00:37:17
44543,RONDANA 1/4,5.0,2.0,0.0,FERREPAT,2026-09-08 00:37:17
44542,RONDANA 3/16,20.0,1.0,0.0,FERREPAT,2026-09-08 00:37:17
7506240670032,Rosa Mexicano Pintura En Aerosol,1.0,95.0,0.0,FERREPAT,2026-09-08 00:37:17
88381735988,Roto Martillo,0.0,3600.0,0.0,Herramientas (Eliminado 23/07/2024),2026-09-08 00:37:17
5418,RUEDA PARA ESMERIL,3.0,70.0,60.0,LION TOOLS,2026-09-08 00:37:17
7506198188221,Ruedas Hule,0.0,40.0,0.0,- Sin Departamento - (Eliminado 13/07/2025),2026-09-08 00:37:17
8078,SACABOCADOS ESTRELLA,0.0,180.0,0.0,hogar (Eliminado 23/07/2024),2026-09-08 00:37:17
2164,SACACORCHO  MULTIFUNCIONAL,1.0,35.0,0.0,PUEBLA,2026-09-08 00:37:17
7506325110354,SAPO AHORRADOR,0.0,65.0,50.0,hogar (Eliminado 23/07/2024),2026-09-08 00:37:17
7506325101680,Sapo Fleximatic 2406,0.0,55.0,35.0,FERREPAT,2026-09-08 00:37:17
7502239095657,SEGUETA N18,0.0,25.0,0.0,FERREPAT,2026-09-08 00:37:17
7502239095664,SEGUETA N24,0.0,30.0,0.0,FERREPAT,2026-09-08 00:37:17
6927780286087,SEGUROS MEDIANOS PLATEADO B8608,34.0,20.0,15.0,PUEBLA,2026-09-08 00:37:17
SM,SEGUROSMINISDORADOS,73.0,1.0,0.0,ASGA,2026-09-08 00:37:17
7501316111013,Sellador Acrilico Blanco,0.0,120.0,0.0,Herramientas (Eliminado 23/07/2024),2026-09-08 00:37:17
7501316141058,Sellador De Poliuretano Blanco,0.0,160.0,0.0,Herramientas (Eliminado 23/07/2024),2026-09-08 00:37:17
7501316141300,Sellador De Poliuretano Gris,0.0,160.0,0.0,Herramientas (Eliminado 23/07/2024),2026-09-08 00:37:17
7501316141508,Sellador De Poliuretano Negro,0.0,160.0,0.0,Herramientas (Eliminado 23/07/2024),2026-09-08 00:37:17
7506240680918,Sellador Para Roscas 200g,2.0,45.0,0.0,Herramientas (Eliminado 23/07/2024),2026-09-08 00:37:17
4085,SERRUCHO PROFESIONAL 18,1.0,85.0,70.0,LION TOOLS,2026-09-08 00:37:17
4086,SERRUCHO PROFESIONAL 20,0.0,95.0,75.0,Herramientas (Eliminado 23/07/2024),2026-09-08 00:37:17
SERVILLETA,SERVILLETA,0.0,25.0,15.0,PUEBLA,2026-09-08 00:37:17
6972679640037,SET DE BOTELLAS PARA VIAJE,5.0,60.0,0.0,ASGA,2026-09-08 00:37:17
155,SEVILLETA,0.0,20.0,0.0,hogar (Eliminado 23/07/2024),2026-09-08 00:37:17
8516,SIERRA CIRCULAR 7 1/4X5/8,0.0,85.0,0.0,Herramientas (Eliminado 23/07/2024),2026-09-08 00:37:17
7500012026928,SIERRA DE CARBURO,0.0,140.0,0.0,Herramientas (Eliminado 23/07/2024),2026-09-08 00:37:17
7501206650516,Silicon Color Blanco Truper 85g,0.0,90.0,85.0,hogar (Eliminado 23/07/2024),2026-09-08 00:37:17
7501206650509,Silicon Color Translucido Truper 85g,0.0,90.0,85.0,hogar (Eliminado 23/07/2024),2026-09-08 00:37:17
7503022983304,SILICON PENS MULTIUSOS HOGAR 20G,2.0,30.0,0.0,Herramientas (Eliminado 23/07/2024),2026-09-08 00:37:17
7503022983236,SILICON PENS MULTIUSOS HOGAR 75G,1.0,65.0,0.0,Herramientas (Eliminado 23/07/2024),2026-09-08 00:37:17
7501206683729,Silicon Uso General Truper 85g,0.0,90.0,85.0,hogar (Eliminado 23/07/2024),2026-09-08 00:37:17
´SINPLAGAS 365-LIQU,Sin Plagas 360,8.0,25.0,0.0,veneno (Eliminado 23/07/2024),2026-09-08 00:37:17
258,SINCERRO,0.0,76.0,0.0,Herramientas (Eliminado 23/07/2024),2026-09-08 00:37:17
2702,Sistema De Iluminacion Solar 3 Focos,1.0,580.0,550.0,LION TOOLS,2026-09-08 00:37:17
2721,SISTEMA DE ILUMINACION SOLAR 6W,0.0,1000.0,0.0,LION TOOLS,2026-09-08 00:37:17
7506610218116,SISTEMA DE ILUMINACION SOLAR CON 3 LAMPARAS LED 6W VOLTECK,1.0,850.0,650.0,FERREPAT,2026-09-08 00:37:17
C1G-210,SMART CAR CHARGER,2.0,150.0,0.0,hogar (Eliminado 23/07/2024),2026-09-08 00:37:17
98859096274360,SMART CAR MOUNT,0.0,85.0,70.0,- Sin Departamento - (Eliminado 13/07/2025),2026-09-08 00:37:17
4150,Soldadura Micro Alambre,0.0,200.0,0.0,Herramientas (Eliminado 23/07/2024),2026-09-08 00:37:17
7502011743455,SOMBRILLA AUTOMATICA DOBLE,0.0,160.0,0.0,- Sin Departamento - (Eliminado 13/07/2025),2026-09-08 00:37:17
295,SOMBRILLA CHICA,0.0,270.0,180.0,- Sin Departamento - (Eliminado 13/07/2025),2026-09-16 23:15:58
SOMBRILLA CHICA,Sombrilla Chica,13.0,40.0,0.0,MEXICO,2026-09-08 00:37:17
SOMBRILLA16,SOMBRILLA DE 16 BARILLAS,16.0,85.0,75.0,MEXICO,2026-09-08 00:37:17
6920243180847,Sombrilla De Bolsillo COLOR LISO,0.0,100.0,0.0,ASGA,2026-09-08 00:37:17
6920243180830,SOMBRILLA DE BOLSILLO FLOREADO,1.0,100.0,0.0,ASGA,2026-09-08 00:37:17
6920243180892,SOMBRILLA DE BOLSILLO FLOREADO,52.0,120.0,100.0,casa,2026-09-08 00:37:17
6920243180885,SOMBRILLA DE BOLSILLO LISA,0.0,100.0,0.0,ASGA,2026-09-08 00:37:17
6920243193847,Sombrilla De Niño Con Orejas,6.0,120.0,100.0,SOMBRILLAS (Eliminado 23/07/2024),2026-09-08 00:37:17
297,SOMBRILLA GRANDE,5.0,400.0,320.0,MEXICO,2026-09-08 00:37:17
298,SOMBRILLA JUMBO,3.0,500.0,400.0,casa,2026-09-08 00:37:17
296,SOMBRILLA MEDIANO,0.0,380.0,260.0,SOMBRILLAS (Eliminado 23/07/2024),2026-09-08 00:37:17
SOMBRILLA NIñA GRAND,SOMBRILLA NIñA GRAND,3.0,75.0,0.0,MEXICO,2026-09-08 00:37:17
6918882667713,Sombrillas Colores Infantil,9.0,75.0,0.0,MEXICO,2026-09-08 00:37:17
221,SOPLETE,4.0,85.0,0.0,hogar (Eliminado 23/07/2024),2026-09-08 00:37:17
21,SOPLETE,3.0,85.0,0.0,Herramientas (Eliminado 23/07/2024),2026-09-08 00:37:17
C0208,Soplete Boquilla Rosca,0.0,185.0,0.0,QUEMADORES (Eliminado 23/07/2024),2026-09-08 00:37:17
2875,SOPORTE DE PANTALLA 22-55,0.0,400.0,0.0,LION TOOLS,2026-09-08 00:37:17
2874,SOPORTE DE PANTALLA 30-65´´,1.0,300.0,0.0,LION TOOLS,2026-09-08 00:37:17
7500907000453,SOPORTE MAGNETICO PARA CELULAR,4.0,60.0,0.0,hogar (Eliminado 23/07/2024),2026-09-08 00:37:17
6835,Soporte Para Pantalla Con Movimiento 10-55,0.0,350.0,320.0,LION TOOLS,2026-09-08 00:37:17
6833,Soporte Para Pantalla Con Movimiento 13- 42 20 Kg,0.0,320.0,0.0,hogar (Eliminado 23/07/2024),2026-09-08 00:37:17
6836,Soporte Para Pantalla Con Movimiento 22-55,1.0,450.0,0.0,LION TOOLS,2026-09-08 00:37:17
6834,Soporte Para Pantalla Con Movimiento 30-70 60kg,1.0,580.0,0.0,LION TOOLS,2026-09-08 00:37:17
MOD.3163,SOQUET C/CLAVIJA Y APAGADOR,19.0,25.0,0.0,LION TOOLS,2026-09-08 00:37:17
NOM-1,Soquet C/Clavija Y Doble Contacto,13.0,25.0,0.0,Herramientas (Eliminado 23/07/2024),2026-09-08 00:37:17
PO240,Soquet Con Clavija,69.0,15.0,0.0,hogar (Eliminado 23/07/2024),2026-09-08 00:37:17
7506464400002,SOQUET DE PLASTICO,1.0,25.0,0.0,ASGA,2026-09-08 00:37:17
SP,SOQUET DE PLASTICO,0.0,20.0,0.0,ASGA,2026-09-08 00:37:17
NOM.3,Soquet De Plastico De 1/2 Con Cable,28.0,20.0,15.0,PUEBLA,2026-09-08 00:37:17
323,SOQUET PARA FOQUITO,6.0,10.0,8.0,hogar (Eliminado 23/07/2024),2026-09-08 00:37:17
368,Soquet Reforzado,0.0,30.0,0.0,hogar (Eliminado 23/07/2024),2026-09-08 00:37:17
MOD.2,Soquet Sencillo,1.0,10.0,8.0,PUEBLA,2026-09-08 00:37:17
2681157440024,STEREO EARPHONEWITHMIC,0.0,40.0,0.0,hogar (Eliminado 23/07/2024),2026-09-08 00:37:17
7506240687092,SUJETADOR CON MATRACA TRUPER,0.0,230.0,0.0,Herramientas (Eliminado 23/07/2024),2026-09-08 00:37:17
1630,"SUJETADOR DE CARGA 25,4MMX5MM",1.0,250.0,220.0,Herramientas (Eliminado 23/07/2024),2026-09-08 00:37:17
2355553208075,SUPER GLUE,0.0,5.0,3.75,hogar (Eliminado 23/07/2024),2026-09-08 00:37:17
7506240621287,Supresor De Picos 5 Entradas(2usb),1.0,250.0,230.0,TRUPER,2026-09-08 00:37:17
7501206661710,Supresor De Picos Volteck,0.0,280.0,250.0,foco (Eliminado 23/07/2024),2026-09-08 00:37:17
808-2,SWAT FLASHLIGHT LUTING,1.0,200.0,170.0,lampara (Eliminado 23/07/2024),2026-09-08 00:37:17
TPQ55,Taberas Para Quemador,1.0,25.0,0.0,PUEBLA,2026-09-08 00:37:17
236,TALACHO DE FIERRO,5.0,150.0,0.0,MACHETES (Eliminado 23/07/2024),2026-09-08 00:37:17
2323,Talacho De Fierro Con Punta,1.0,150.0,0.0,PUEBLA,2026-09-08 00:37:17
263,TALACHO DELGADO,0.0,250.0,0.0,Herramientas (Eliminado 23/07/2024),2026-09-08 00:37:17
7501206630624,TALACHO-PICO TRUPER,0.0,340.0,0.0,Herramientas (Eliminado 23/07/2024),2026-09-08 00:37:17
649106837143,Taladro Percutor,0.0,1800.0,0.0,Herramientas (Eliminado 23/07/2024),2026-09-08 00:37:17
TANQUE 9L,TANQUE 9L,0.0,1150.0,950.0,bvh,2026-09-08 00:37:17
TANQUE DE 20L,TANQUE D 20L,1.0,1650.0,1450.0,bvh,2026-09-08 00:37:17
372,TANSOR GANCHO ARGOLLA 5/16,12.0,25.0,0.0,LION TOOLS,2026-09-08 00:37:17
TAPA BLANCA,TAPA BLANCA DE LICUADORA,8.0,15.0,0.0,Herramientas (Eliminado 23/07/2024),2026-09-08 00:37:17
7506325107347,TAPA HIGIENICA,1.0,35.0,0.0,- Sin Departamento - (Eliminado 13/07/2025),2026-09-08 00:37:17
TAPA OSTER,TAPA NEGRA OSTER,17.0,10.0,0.0,MEXICO,2026-09-08 00:37:17
TAPA NEGRA,TAPA NEGRAS REDONDA,33.0,15.0,0.0,Herramientas (Eliminado 23/07/2024),2026-09-08 00:37:17
TAP77,TAPADERA DE ALUMINIO PARA ESTUFA,1.0,25.0,0.0,QUEMADORES (Eliminado 23/07/2024),2026-09-08 00:37:17
7506240683520,Tapon De Pvc Para Lavabo 1 1/4,9.0,6.0,5.0,hogar (Eliminado 23/07/2024),2026-09-08 00:37:17
266,Tapon Para Gas,24.0,20.0,15.0,conexiones para gas (Eliminado 23/07/2024),2026-09-08 00:37:17
4452,TAQUETE CAFE,5.0,1.5,0.0,FERREPAT,2026-09-08 00:37:17
7501206674253,Taquete De Plastico,2.0,35.0,0.0,- Sin Departamento - (Eliminado 13/07/2025),2026-09-08 00:37:17
7506325102113,Taquete De Sujeccion 1/4,36.0,1.0,0.7,Herramientas (Eliminado 23/07/2024),2026-09-08 00:37:17
7506325102137,Taquete De Sujecion 3/8,96.0,2.0,1.5,Herramientas (Eliminado 23/07/2024),2026-09-08 00:37:17
7506325102120,Taquete De Sujecion 5/16,35.0,1.5,1.07,Herramientas (Eliminado 23/07/2024),2026-09-08 00:37:17
1597,Taquete Expansivo,0.0,9.0,0.0,LION TOOLS,2026-09-08 00:37:17
1598,Taquete Expansivo,0.0,12.0,10.0,LION TOOLS,2026-09-08 00:37:17
1595,Taquete Extansivo,0.0,7.0,0.0,LION TOOLS,2026-09-08 00:37:17
1596,Taquete Extansivo,0.0,8.0,0.0,LION TOOLS,2026-09-08 00:37:17
4451,TAQUETE GRIS CHICO,8.0,1.0,0.0,FERREPAT,2026-09-08 00:37:17
4454,TAQUETE GRIS GRANDE,12.0,3.0,0.0,FERREPAT,2026-09-08 00:37:17
4453,TAQUETE GRIS MEDIANO,8.0,2.0,0.0,FERREPAT,2026-09-08 00:37:17
269,Tee,1.0,55.0,0.0,conexiones para gas (Eliminado 23/07/2024),2026-09-08 00:37:17
48572,Tee Insercion Reduccion 3/4x1/2 Foset,9.0,25.0,20.0,Herramientas (Eliminado 23/07/2024),2026-09-08 00:37:17
TENDEDERO,Tendedero blanco,0.0,25.0,15.0,PUEBLA,2026-09-08 00:37:17
LAZOBLANCO,TENDEDERO BLANCO DE 10MTS,0.0,25.0,16.0,ASGA,2026-09-08 00:37:17
LAZOCAFEGR,TENDEDERO CAFE GRUESO,3.0,35.0,0.0,ASGA,2026-09-08 00:37:17
LAZOCAFE,TENDEDERO COLOR CAFE DE 10MTS,4.0,25.0,13.0,ASGA,2026-09-08 00:37:17
TENDEDERO CAFE REF,TENDEDERO COLOR CAFE REFORZADO DE 10MTS,2.0,35.0,25.0,- Sin Departamento - (Eliminado 13/07/2025),2026-09-08 00:37:17
TENDEDERO GRIS,TENDEDERO GRIS 10MTS,0.0,20.0,13.0,hogar (Eliminado 23/07/2024),2026-09-08 00:37:17
LAZOBLANCOGR,TENDEDERO GRUESO BLANCO,8.0,35.0,0.0,ASGA,2026-09-08 00:37:17
373,TENSOR GANCHO ARGOLLA,11.0,40.0,0.0,casa,2026-09-08 00:37:17
370,TENSOR GANCHO ARGOLLA,12.0,10.0,0.0,casa,2026-09-08 00:37:17
371,TENSOR GANCHO ARGOLLA 1/4,6.0,15.0,0.0,casa,2026-09-08 00:37:17
5619,TERMINAL PARA BATERIA,11.0,20.0,0.0,casa,2026-09-08 00:37:17
7506240647669,TERMINALES C/U,40.0,3.0,0.0,hogar (Eliminado 23/07/2024),2026-09-08 00:37:17
TP77,Tierra Pomex,2.0,10.0,0.0,hogar (Eliminado 23/07/2024),2026-09-08 00:37:17
1024,TIJERA DE ESTILISTA,80.0,25.0,18.0,LION TOOLS,2026-09-08 00:37:17
6380,TIJERA FLORICULTURA,0.0,120.0,0.0,LION TOOLS,2026-09-08 00:37:17
3039,TIJERA HOJALATERO,3.0,120.0,0.0,hogar (Eliminado 23/07/2024),2026-09-08 00:37:17
3038,TIJERA HOJALATERO,0.0,110.0,0.0,hogar (Eliminado 23/07/2024),2026-09-08 00:37:17
1029,TIJERA METALICA,0.0,135.0,0.0,hogar (Eliminado 23/07/2024),2026-09-08 00:37:17
1028,TIJERA METALICA DE COSTURA 5,0.0,105.0,0.0,hogar (Eliminado 23/07/2024),2026-09-08 00:37:17
8803,TIJERA MULTIUSOS 6´´,3.0,35.0,0.0,LION TOOLS,2026-09-09 01:17:40
8804,TIJERA MULTIUSOS 7´´,8.0,40.0,0.0,LION TOOLS,2026-09-08 00:37:17
141,TIJERA NEGRA CHICA,2.0,15.0,0.0,hogar (Eliminado 23/07/2024),2026-09-08 00:37:17
6378,TIJERA PARA PODAR,0.0,160.0,120.0,LION TOOLS,2026-09-08 00:37:17
62,TIJERA RAMAS ALTAS,2.0,190.0,160.0,LION TOOLS,2026-09-08 00:37:17
2138,TIJERA RECTA,1.0,110.0,0.0,LION TOOLS,2026-09-08 00:37:17
5563,TIJERA TRASQUILAR,0.0,85.0,0.0,Herramientas (Eliminado 23/07/2024),2026-09-08 00:37:17
6927780532030,TIJERA TRIP POR PIEZA,0.0,10.0,6.25,casa,2026-09-08 00:37:17
2770,TIJERAS DE ALUMINIO,0.0,99.0,0.0,LION TOOLS,2026-09-08 00:37:17
139,TIJERAS MAINCRAFT,5.0,20.0,0.0,hogar (Eliminado 23/07/2024),2026-09-08 00:37:17
140,TIJERAS MEGRAS GRANDES,0.0,20.0,0.0,hogar (Eliminado 23/07/2024),2026-09-08 00:37:17
2121,TIJERAS MULTIUSOS 8´´,5.0,50.0,0.0,hogar (Eliminado 23/07/2024),2026-09-08 00:37:17
8884,TIMBRE INALAMBRICO,1.0,330.0,0.0,LION TOOLS,2026-09-08 00:37:17
207,TIRA LED,2.0,220.0,0.0,hogar (Eliminado 23/07/2024),2026-09-08 00:37:17
7500938049766,TIRA LED DE COLORES,3.0,230.0,170.0,hogar (Eliminado 23/07/2024),2026-09-08 00:37:17
6918882638423,Tira Led Luz Lampara 54leds Rgb Impermeable 5mts Control Remoto,4.0,130.0,0.0,ASGA,2026-09-08 00:37:17
8056,TIRALINEAS CON POLVO,0.0,65.0,0.0,hogar (Eliminado 23/07/2024),2026-09-08 00:37:17
6924617008058,Tiras De Silicon,65.0,5.0,0.0,PUEBLA,2026-09-08 00:37:17
TLACUACHERA5,TLACUACHERA,0.0,190.0,0.0,LION TOOLS,2026-09-08 00:37:17
3633,TOBERA,3.0,25.0,0.0,ASGA,2026-09-08 00:37:17
351,Toma Corriente Sobreponer/Sobrepuesto Doble,3.0,35.0,0.0,PUEBLA,2026-09-08 00:37:17
4441,TORNILLO 1 PULGADA,3.0,3.0,0.0,FERREPAT,2026-09-08 00:37:17
44614,TORNILLO 1/2,67.0,1.0,0.0,FERREPAT,2026-09-08 00:37:17
7506240601401,TORNILLO 1/4X1 1/2,80.0,3.0,2.0,Herramientas (Eliminado 23/07/2024),2026-09-08 00:37:17
7506240601418,TORNILLO 1/4X2,47.0,4.0,3.0,Herramientas (Eliminado 23/07/2024),2026-09-08 00:37:17
4021,TORNILLO 1plgada Cabeza Exagonal,39.0,3.5,0.0,FERREPAT,2026-09-08 00:37:17
7506240601548,TORNILLO 3/8X3/4,50.0,3.5,2.8,Herramientas (Eliminado 23/07/2024),2026-09-08 00:37:17
7506240601661,TORNILLO 7/16X2,40.0,7.0,5.0,Herramientas (Eliminado 23/07/2024),2026-09-08 00:37:17
4432,TORNILLO CABEZA REDONDA D/CRUZ  1 PLGD3/4,83.0,3.0,0.0,FERREPAT,2026-09-08 00:37:17
4433,TORNILLO CABEZA REDONDA D/CRUZ 1PLGD,30.0,3.5,0.0,FERREPAT,2026-09-08 00:37:17
4434,"TORNILLO CABEZA REDONDA D/CRUZ 2,1/2",40.0,5.0,0.0,FERREPAT,2026-09-08 00:37:17
4436,TORNILLO CABEZA REDONDA D/CRUZ 3 DELGADA,59.0,5.0,0.0,FERREPAT,2026-09-08 00:37:17
4435,"TORNILLO CABEZA REDONDA D/CRUZ 3,3/4",59.0,6.0,0.0,FERREPAT,2026-09-08 00:37:17
4437,TORNILLO CABEZA REDONDA D/CRUZ 4,60.0,7.0,0.0,FERREPAT,2026-09-08 00:37:17
4438,TORNILLO CABEZA REDONDA GRUESA 2-1/2,40.0,6.0,0.0,FERREPAT,2026-09-08 00:37:17
4439,TORNILLO CABEZA REDONDE GRUESO 2-1/2 DELGADA,40.0,5.0,0.0,FERREPAT,2026-09-08 00:37:17
4440,TORNILLO CABEZA REDONDE GRUESO 4PLGD,96.0,8.0,0.0,FERREPAT,2026-09-08 00:37:17
44623,TORNILLO D/CABEZA REDONDA PLANO 1/2 GRUESO,100.0,1.5,0.0,FERREPAT,2026-09-08 00:37:17
44599,TORNILLO DE CABEZA REDONDA PLANA 1/2 PLGD,300.0,0.5,0.0,FERREPAT,2026-09-08 00:37:17
44606,TORNILLO DE CABEZA REDONDA PLANA 1/2 PLGD,285.0,1.0,0.0,FERREPAT,2026-09-08 00:37:17
44556,TORNILLO EXA.  1/2 Pulg Delgado,50.0,1.0,0.0,FERREPAT,2026-09-08 00:37:17
44560,TORNILLO EXA. 1 1/2 Pulg Delgado,44.0,4.0,0.0,FERREPAT,2026-09-08 00:37:17
4022,TORNILLO EXA. 1 1/2pulg,50.0,6.0,0.0,FERREPAT,2026-09-08 00:37:17
44559,TORNILLO EXA. 1 1/4 Pulg Delgado,32.0,2.5,0.0,FERREPAT,2026-09-08 00:37:17
44583,TORNILLO EXA. 1 Pulg,55.0,6.0,0.0,FERREPAT,2026-09-08 00:37:17
44574,TORNILLO EXA. 1 Pulg Delgado,57.0,3.5,0.0,FERREPAT,2026-09-08 00:37:17
44557,TORNILLO EXA. 1 Pulg Delgado,47.0,2.0,0.0,FERREPAT,2026-09-08 00:37:17
44561,TORNILLO EXA. 2 Pulg Delgado,39.0,5.0,0.0,FERREPAT,2026-09-08 00:37:17
44586,TORNILLO EXA. 2pulg Delgado,30.0,7.0,0.0,FERREPAT,2026-09-08 00:37:17
44563,TORNILLO EXA. 3 Pulg Delgado,45.0,6.0,0.0,FERREPAT,2026-09-08 00:37:17
4023,TORNILLO EXA. 3pulg. Grueso,57.0,7.5,0.0,FERREPAT,2026-09-08 00:37:17
4024,TORNILLO EXA. 4 Pulg Grueso,35.0,9.0,0.0,FERREPAT,2026-09-08 00:37:17
7506240601432,TORNILLOS 1/4X3,50.0,4.0,3.0,Herramientas (Eliminado 23/07/2024),2026-09-08 00:37:17
7506240640974,TORNILLOS 3/4X1 1/2,6.0,30.0,20.0,Herramientas (Eliminado 23/07/2024),2026-09-08 00:37:17
7506240601630,TORNILLOS 7/16X1,60.0,5.0,3.0,Herramientas (Eliminado 23/07/2024),2026-09-08 00:37:17
TORTILLERA 25,TORTILLERa #25,0.0,790.0,0.0,PUEBLA,2026-09-08 00:37:17
TORTILLERA 27,TORTILLERA #27,1.0,890.0,0.0,PUEBLA,2026-09-08 00:37:17
TORTILLERA 29,TortillerA #29,0.0,990.0,0.0,PUEBLA,2026-09-08 00:37:17
196,Tortillera Azul Reforzada,0.0,450.0,0.0,PUEBLA,2026-09-08 00:37:17
195,Tortillera Gris,2.0,220.0,0.0,PUEBLA,2026-09-08 00:37:17
TORTILLERA,TORTILLERA SANTIAGO,1.0,580.0,0.0,PUEBLA,2026-09-08 00:37:17
7501206663219,TRAMPAS DE MADERA PARA RATONES PRETUL,0.0,35.0,25.0,TRUPER,2026-09-08 00:37:17
98859096274271,TRANSHINE TS-M204,10.0,150.0,130.0,HUAJUAPAN,2026-09-08 00:37:17
98859096274608,TRANSHINE WIRELESS,0.0,70.0,0.0,hogar (Eliminado 23/07/2024),2026-09-08 00:37:17
TRAPEADOR BLANCO,TRAPEADOR BLANCO CH,1.0,50.0,0.0,ASGA,2026-09-08 00:37:17
TRAPEADOR BLANCO G,TRAPEADOR BLANCO GRANDE,0.0,60.0,0.0,ASGA,2026-09-08 00:37:17
540,Trapeador Giratorio,2.0,420.0,0.0,LION TOOLS,2026-09-08 00:37:17
TRAPEADOR MICROFIBRA,TRAPEADOR MICROFIBRA CH,3.0,50.0,0.0,ASGA,2026-09-08 00:37:17
11012,Trapo Chico,21.0,15.0,12.0,PUEBLA,2026-09-08 00:37:17
1288,Trapo Cuadrado Grande,16.0,20.0,15.0,PUEBLA,2026-09-08 00:37:17
156,TRAPO DE COCINA,100.0,5.0,2.5,PUEBLA,2026-09-08 00:37:17
TRAPO DE COCINA,TRAPO DE COCINA,22.0,5.0,0.0,ASGA,2026-09-10 19:24:14
TES77,TUBO PARA ESTUFA SIN QUEMADOR,0.0,30.0,0.0,FERREPAT,2026-09-08 00:37:17
3423,TUERCA EXAGONAL 1/2,150.0,5.0,0.0,FERREPAT,2026-09-08 00:37:17
44701,TUERCA EXAGONAL 3/4,15.0,10.0,0.0,FERREPAT,2026-09-08 00:37:17
44550,TUERCA EXAGONAL 3/8,50.0,3.0,0.0,FERREPAT,2026-09-08 00:37:17
44549,TUERCA EXAGONAL 5/16,49.0,2.0,0.0,FERREPAT,2026-09-08 00:37:17
44700,TUERCA EXAGONAL 5/8,20.0,8.0,0.0,FERREPAT,2026-09-08 00:37:17
44551,TUERCA EXAGONAL 7/16,15.0,4.0,0.0,FERREPAT,2026-09-08 00:37:17
273,Tuerca Izquierda,4.0,30.0,0.0,FERREPAT,2026-09-08 00:37:17
274,Tuerca Loca Con Espiga,5.0,25.0,0.0,FERREPAT,2026-09-08 00:37:17
45018,Tuvo Corrugado Felxible De 1/2 100m,1.0,690.0,670.0,Herramientas (Eliminado 23/07/2024),2026-09-08 00:37:17
GUP01,ULTIMA CENA POLVO NEGRO,1.0,15.0,0.0,Herramientas (Eliminado 23/07/2024),2026-09-08 00:37:17
98859096274354,UNIVERSAL HOLDER,0.0,120.0,100.0,hogar (Eliminado 23/07/2024),2026-09-08 00:37:17
6970241330140,USB CABLE TYPE C,4.0,70.0,0.0,hogar (Eliminado 23/07/2024),2026-09-08 00:37:17
6912635566834,USB MULTI-CHARGE CABLE 10 EN 1,1.0,70.0,0.0,hogar (Eliminado 23/07/2024),2026-09-08 00:37:17
300,VALVULA AGUJA 3/8-1/2,2.0,135.0,0.0,conexiones para gas (Eliminado 23/07/2024),2026-09-08 00:37:17
283,Valvula De Aguja Para Gas 3/8,4.0,120.0,0.0,conexiones para gas (Eliminado 23/07/2024),2026-09-08 00:37:17
285,Valvula De Ajuga Para Gas 1/4-5/16,1.0,185.0,0.0,hogar (Eliminado 23/07/2024),2026-09-08 00:37:17
3296,"VALVULA DE COMPUERTA ROS 3/4 19,05",2.0,150.0,0.0,LION TOOLS,2026-09-08 00:37:17
3295,VALVULA DE COMPUERTA ROSCABLE,1.0,120.0,0.0,LION TOOLS,2026-09-08 00:37:17
7501206697115,Valvula De Esfera De Pvc Roscable 3/44,0.0,45.0,40.0,hogar (Eliminado 23/07/2024),2026-09-08 00:37:17
3299,Valvula De Esfera Roscable 1/2,0.0,90.0,70.0,Herramientas (Eliminado 23/07/2024),2026-09-08 00:37:17
3300,Valvula De Esfera Roscable 3/4,1.0,140.0,100.0,Herramientas (Eliminado 23/07/2024),2026-09-08 00:37:17
277,Valvula De Olla Express,3.0,85.0,0.0,FERREPAT,2026-09-08 00:37:17
49150,VALVULA ESFERA DE PVC DE 1/2 ROSCABLE,2.0,40.0,0.0,Herramientas (Eliminado 23/07/2024),2026-09-08 00:37:17
3301,VALVULA LLAVE DE PASO,7.0,90.0,0.0,Herramientas (Eliminado 23/07/2024),2026-09-08 00:37:17
282,Valvula Llave De Paso 1/4-3/8,4.0,120.0,0.0,conexiones para gas (Eliminado 23/07/2024),2026-09-08 00:37:17
183,Valvula P/Estufon C/Maneral Mariposa Iusa,0.0,95.0,0.0,DON RAMON,2026-09-08 00:37:17
3031,VALVULA PARA INFLAR BALONES,162.0,5.0,3.5,LION TOOLS,2026-09-08 00:37:17
V138,Valvula Para Parrilla,27.0,95.0,0.0,- Sin Departamento - (Eliminado 13/07/2025),2026-09-08 00:37:17
660,VASO AMERICAN,4.0,185.0,0.0,licuadora (Eliminado 23/07/2024),2026-09-08 00:37:17
136,VASO AMERICAN COMPLETO,1.0,185.0,0.0,MEXICO,2026-09-08 00:37:17
640,VASO AMERICAN SOLO,1.0,95.0,0.0,hogar (Eliminado 23/07/2024),2026-09-08 00:37:17
134,VASO DE LICUADORA TEFAL,4.0,250.0,0.0,hogar (Eliminado 23/07/2024),2026-09-08 21:57:01
641,VASO DE VIDRIO OSTER,2.0,180.0,0.0,MEXICO,2026-09-08 00:37:17
1911,Vaso De Vidrio Oster Redondo,2.0,180.0,180.0,MEXICO,2026-09-08 00:37:17
131,VASO MAN COMPLETO,6.0,185.0,0.0,hogar (Eliminado 23/07/2024),2026-09-08 00:37:17
VASO SIN TAPA,VASO OSTER COMPLETO SIN TAPA,0.0,85.0,0.0,ASGA,2026-09-08 00:37:17
133,VASO OSTER SENCILLO COMPLETO,0.0,80.0,70.0,MEXICO,2026-09-08 00:37:17
132,VASO SOLO INRROMPIBLE,0.0,120.0,0.0,HUAJUAPAN,2026-09-08 00:37:17
138,VASO SOLO OSTER SENCILLO,1.0,50.0,0.0,MEXICO,2026-09-08 00:37:17
135,VASO TIPO B&DHOME COMPLETO,0.0,220.0,0.0,hogar (Eliminado 23/07/2024),2026-09-08 00:37:17
VENENO PARAISO CH.,VENENO NEGRO PARAISO CH,5.0,150.0,0.0,ASGA,2026-09-08 00:37:17
793969020256,VENENOPARAISO,3.0,200.0,140.0,PUEBLA,2026-09-08 00:37:17
VENTILADOR GRANDE,VENTILADOR 3EN1 NEGRO/AZUL,2.0,650.0,0.0,casa,2026-09-08 00:37:17
YR-F002,Ventilador De Mesa Mediano,0.0,150.0,130.0,MEXICO,2026-09-08 00:37:17
1111,Ventilador Negro,2.0,500.0,0.0,MEXICO,2026-09-08 00:37:17
6918882641881,Ventilador Portatil,1.0,60.0,50.0,MEXICO,2026-09-08 00:37:17
VENTILADOR S/PROTECC,VENTILADOR SIN PROTECCION,0.0,320.0,280.0,- Sin Departamento - (Eliminado 13/07/2025),2026-09-08 00:37:17
444,Visagra De Puerta,0.0,35.0,0.0,hogar (Eliminado 23/07/2024),2026-09-08 00:37:17
445,Visagra Para Puerta Grande,0.0,65.0,0.0,LION TOOLS,2026-09-08 00:37:17
7501206634769,VOLTEADOR DE ALUMINIO TRUPER,1.0,110.0,0.0,Herramientas (Eliminado 23/07/2024),2026-09-08 00:37:17
7501206657232,"Volteck Portalámpara De Pvc, Con Sensor De Luz",0.0,150.0,0.0,ASGA,2026-09-08 00:37:17
79567520085,WD-40 CHICO,0.0,185.0,0.0,LION TOOLS,2026-09-08 00:37:17
79567520283,WD-40 Grande,0.0,190.0,185.0,TRUPER,2026-09-08 00:37:17
48558,Y Insercion 1/2 Foset,9.0,25.0,20.0,Herramientas (Eliminado 23/07/2024),2026-09-08 00:37:17
7503005405069,Zacate Fashion Clear,3.0,15.0,8.0,HUAJUAPAN,2026-09-08 00:37:17
7503005405168,ZACATE SALUK FASHION,0.0,15.0,8.0,hogar (Eliminado 23/07/2024),2026-09-14 18:47:41
114,ZIPPER EARPHONES,0.0,65.0,0.0,hogar (Eliminado 23/07/2024),2026-09-08 00:37:17
98859096274500,¡OS CABLE DE AUDIO,3.0,75.0,0.0,hogar (Eliminado 23/07/2024),2026-09-08 00:37:17
